row_index,dataset,speaker,filename,emotion,real_frames,true_label,predicted_label,correct,confidence,prob_Angry,prob_Disgust,prob_Fear,prob_Happy,prob_Neutral,prob_Sad,prob_Surprise
3646,savee,DC,DC_a01.wav,Angry,365,Angry,Fear,False,0.7375582,0.00028526864,0.011445509,0.7375582,0.0024918728,9.858104e-05,0.24686116,0.0012594515
3647,savee,DC,DC_a02.wav,Angry,344,Angry,Fear,False,0.99395543,7.2476273e-06,0.0003037616,0.99395543,0.0011549722,7.0322717e-09,0.004576963,1.5967881e-06
3648,savee,DC,DC_a03.wav,Angry,208,Angry,Fear,False,0.66515684,0.013270596,1.5397272e-05,0.66515684,0.005162935,0.0002527628,0.0010404648,0.3151011
3649,savee,DC,DC_a04.wav,Angry,231,Angry,Fear,False,0.61352676,0.23845221,2.3894478e-05,0.61352676,0.113846384,0.00011864502,0.03322037,0.00081168895
3650,savee,DC,DC_a05.wav,Angry,212,Angry,Fear,False,0.8713155,0.0020214494,3.896057e-05,0.8713155,0.08258238,0.020639718,0.023227556,0.0001743619
3651,savee,DC,DC_a06.wav,Angry,374,Angry,Sad,False,0.94370097,3.511459e-05,0.023325324,0.031783983,0.0010160904,3.3937738e-07,0.94370097,0.00013816173
3652,savee,DC,DC_a07.wav,Angry,215,Angry,Fear,False,0.73419386,4.5379613e-05,0.0008043065,0.73419386,0.00088106195,0.0058958465,0.0062406384,0.25193894
3653,savee,DC,DC_a08.wav,Angry,228,Angry,Fear,False,0.36986154,0.042494755,0.000846797,0.36986154,0.040879264,0.08261894,0.34200191,0.121296704
3654,savee,DC,DC_a09.wav,Angry,400,Angry,Sad,False,0.7254112,0.00060063443,0.17409673,0.09860537,0.0012856754,6.691218e-09,0.7254112,3.579396e-07
3655,savee,DC,DC_a10.wav,Angry,362,Angry,Sad,False,0.70131296,0.006786813,0.2502451,0.0015940784,0.03990139,0.00012989815,0.70131296,2.9667857e-05
3656,savee,DC,DC_a11.wav,Angry,266,Angry,Sad,False,0.71159905,0.0005570975,0.06609776,0.20302281,0.004226326,0.012381993,0.71159905,0.0021150026
3657,savee,DC,DC_a12.wav,Angry,332,Angry,Fear,False,0.9409128,2.8101756e-05,0.0003336883,0.9409128,0.016269136,2.023056e-08,0.042393763,6.239899e-05
3658,savee,DC,DC_a13.wav,Angry,401,Angry,Sad,False,0.98128325,1.9146315e-05,0.01809525,0.00017745204,0.00042482125,2.7818096e-08,0.98128325,1.0945505e-07
3659,savee,DC,DC_a14.wav,Angry,401,Angry,Sad,False,0.9899484,7.6378165e-05,0.009579958,7.2846924e-05,2.3684466e-05,0.00023509466,0.9899484,6.3577674e-05
3660,savee,DC,DC_a15.wav,Angry,388,Angry,Sad,False,0.8331628,0.09114797,0.00143587,0.05022941,0.023762688,0.00011884076,0.8331628,0.00014237464
3661,savee,DC,DC_d01.wav,Disgust,401,Disgust,Sad,False,0.9981444,1.19493e-06,0.0010836495,0.0004928055,0.00027709684,3.220275e-07,0.9981444,4.8381577e-07
3662,savee,DC,DC_d02.wav,Disgust,393,Disgust,Sad,False,0.7763476,0.00021804874,6.182785e-05,0.2223411,0.0010306274,5.5656926e-07,0.7763476,1.621528e-07
3663,savee,DC,DC_d03.wav,Disgust,235,Disgust,Fear,False,0.88439584,0.015147663,7.886613e-05,0.88439584,0.022629837,0.004806396,0.07289711,4.4202607e-05
3664,savee,DC,DC_d04.wav,Disgust,401,Disgust,Sad,False,0.9466996,2.26781e-05,0.0003819996,0.035311922,0.017574498,9.004437e-06,0.9466996,2.0200211e-07
3665,savee,DC,DC_d05.wav,Disgust,311,Disgust,Fear,False,0.84691197,0.00029829526,0.018105479,0.84691197,0.0028217004,2.0235473e-06,0.13171938,0.00014119729
3666,savee,DC,DC_d06.wav,Disgust,331,Disgust,Fear,False,0.4941519,0.0023714607,0.08365779,0.4941519,0.18941696,2.2827916e-08,0.23038776,1.4052924e-05
3667,savee,DC,DC_d07.wav,Disgust,270,Disgust,Sad,False,0.86480266,2.6492713e-05,0.0002654417,0.12529278,0.00835331,0.00043998664,0.86480266,0.00081939256
3668,savee,DC,DC_d08.wav,Disgust,401,Disgust,Sad,False,0.9630233,3.654206e-05,0.036214426,0.00041851454,0.00030078107,9.240059e-07,0.9630233,5.5169526e-06
3669,savee,DC,DC_d09.wav,Disgust,401,Disgust,Sad,False,0.80190057,0.00047106692,0.19718927,0.00039901742,3.3627544e-05,1.3502582e-06,0.80190057,5.179016e-06
3670,savee,DC,DC_d10.wav,Disgust,401,Disgust,Disgust,True,0.94343406,0.001635001,0.94343406,0.00018608142,0.0033575555,2.1018138e-07,0.051380217,6.880907e-06
3671,savee,DC,DC_d11.wav,Disgust,357,Disgust,Fear,False,0.6490715,4.164916e-06,0.0038780752,0.6490715,0.09345038,3.816764e-09,0.25359434,1.5722717e-06
3672,savee,DC,DC_d12.wav,Disgust,373,Disgust,Fear,False,0.9471906,0.00082944037,0.00020559007,0.9471906,0.012864235,1.7562282e-07,0.038848728,6.1171486e-05
3673,savee,DC,DC_d13.wav,Disgust,401,Disgust,Sad,False,0.94552094,1.0771147e-06,0.04561259,0.002667964,0.0061462587,1.7049746e-07,0.94552094,5.0908224e-05
3674,savee,DC,DC_d14.wav,Disgust,401,Disgust,Disgust,True,0.829222,0.004197432,0.829222,0.0003493076,0.00015621005,1.1211814e-05,0.16511357,0.00095028843
3675,savee,DC,DC_d15.wav,Disgust,401,Disgust,Sad,False,0.89576316,0.0027056632,0.006673129,0.049910426,0.044331502,0.00029340424,0.89576316,0.00032271945
3676,savee,DC,DC_f01.wav,Fear,332,Fear,Sad,False,0.5071347,7.6240394e-06,0.0050876057,0.48707312,0.00016989173,5.5606553e-05,0.5071347,0.00047147347
3677,savee,DC,DC_f02.wav,Fear,340,Fear,Sad,False,0.9470676,2.6392483e-05,0.00096455717,0.04254099,0.009316709,7.079955e-05,0.9470676,1.3003607e-05
3678,savee,DC,DC_f03.wav,Fear,229,Fear,Fear,True,0.75151056,0.21232471,0.00027189002,0.75151056,0.015186464,0.0013740119,0.001502008,0.017830433
3679,savee,DC,DC_f04.wav,Fear,302,Fear,Sad,False,0.6361654,0.03491364,0.0017880322,0.29584035,0.031016847,6.2177714e-05,0.6361654,0.0002134443
3680,savee,DC,DC_f05.wav,Fear,330,Fear,Sad,False,0.617889,0.00014007691,0.0005224077,0.37561718,0.005819164,1.6664403e-07,0.617889,1.2000769e-05
3681,savee,DC,DC_f06.wav,Fear,299,Fear,Disgust,False,0.7879617,0.044613127,0.7879617,0.12151248,0.030749205,2.545322e-05,0.005723775,0.009414133
3682,savee,DC,DC_f07.wav,Fear,362,Fear,Disgust,False,0.885908,0.0006112619,0.885908,0.037404303,0.0017160921,1.2047715e-06,0.074241236,0.000117895346
3683,savee,DC,DC_f08.wav,Fear,391,Fear,Sad,False,0.99863213,8.401973e-07,0.000598388,0.0007486199,1.9898001e-05,5.9694196e-09,0.99863213,6.951647e-08
3684,savee,DC,DC_f09.wav,Fear,388,Fear,Sad,False,0.95302665,6.6521407e-06,0.046720844,0.00023067585,1.4650358e-05,3.5540015e-08,0.95302665,5.473225e-07
3685,savee,DC,DC_f10.wav,Fear,250,Fear,Sad,False,0.9291666,6.5265795e-06,4.4270953e-05,0.0011491843,0.000134885,0.06949311,0.9291666,5.4439015e-06
3686,savee,DC,DC_f11.wav,Fear,401,Fear,Sad,False,0.6412803,3.849731e-05,0.17923981,0.15822986,0.02114944,6.802532e-06,0.6412803,5.526821e-05
3687,savee,DC,DC_f12.wav,Fear,401,Fear,Sad,False,0.6443398,8.8282875e-05,0.004940517,0.3459621,0.00453215,9.615166e-05,0.6443398,4.1051e-05
3688,savee,DC,DC_f13.wav,Fear,247,Fear,Fear,True,0.9987049,7.087796e-07,9.667864e-06,0.9987049,5.2471132e-05,6.99537e-08,0.0010548864,0.00017727462
3689,savee,DC,DC_f14.wav,Fear,401,Fear,Sad,False,0.5242015,0.00035214523,0.46497166,0.009896617,0.00016675127,0.00038543053,0.5242015,2.5867179e-05
3690,savee,DC,DC_f15.wav,Fear,401,Fear,Sad,False,0.40216574,0.21345715,0.32677594,0.047444563,0.007980134,0.0007584346,0.40216574,0.001417952
3691,savee,DC,DC_h01.wav,Happy,384,Happy,Sad,False,0.9859283,3.7635204e-05,0.009804276,0.003215414,0.00097571994,3.0587505e-06,0.9859283,3.5631172e-05
3692,savee,DC,DC_h02.wav,Happy,340,Happy,Sad,False,0.8437115,4.3029973e-05,0.0018485637,0.15398845,0.00038722417,2.8811025e-06,0.8437115,1.83175e-05
3693,savee,DC,DC_h03.wav,Happy,227,Happy,Fear,False,0.5861638,0.018395323,0.00028217954,0.5861638,0.019816771,0.0052192444,0.042513173,0.32760954
3694,savee,DC,DC_h04.wav,Happy,323,Happy,Fear,False,0.35237384,0.0007067405,0.026182592,0.35237384,0.33152875,1.9010118e-07,0.28920358,4.271197e-06
3695,savee,DC,DC_h05.wav,Happy,401,Happy,Sad,False,0.9990957,1.7856244e-08,0.00043390557,0.00046035383,4.073486e-06,1.0652436e-07,0.9990957,5.8662504e-06
3696,savee,DC,DC_h06.wav,Happy,346,Happy,Sad,False,0.90616447,0.0008750378,0.0023144055,0.07558806,0.015014922,4.1261486e-05,0.90616447,1.813863e-06
3697,savee,DC,DC_h07.wav,Happy,361,Happy,Sad,False,0.7427233,0.009645515,0.08188525,0.14684585,0.01867613,3.823977e-05,0.7427233,0.00018573209
3698,savee,DC,DC_h08.wav,Happy,205,Happy,Sad,False,0.6896638,0.0019678955,0.0026510844,0.20958316,0.008395609,0.058883943,0.6896638,0.028854454
3699,savee,DC,DC_h09.wav,Happy,244,Happy,Sad,False,0.6879806,0.019832961,0.0025666223,0.0028379767,0.2841771,0.0024555488,0.6879806,0.00014916107
3700,savee,DC,DC_h10.wav,Happy,244,Happy,Sad,False,0.8181977,0.02251595,0.030557528,0.0028665587,0.09240769,0.032941025,0.8181977,0.00051354786
3701,savee,DC,DC_h11.wav,Happy,401,Happy,Sad,False,0.9989197,4.0248665e-06,0.00022019501,0.00030860197,0.00054029416,7.0229266e-06,0.9989197,6.505814e-08
3702,savee,DC,DC_h12.wav,Happy,401,Happy,Sad,False,0.98630816,1.0107834e-06,0.013675542,2.6648036e-07,1.1883322e-06,1.0948162e-06,0.98630816,1.2829828e-05
3703,savee,DC,DC_h13.wav,Happy,277,Happy,Sad,False,0.96370935,0.0002025976,5.2649415e-05,0.021824492,0.0058526946,0.008333022,0.96370935,2.5187925e-05
3704,savee,DC,DC_h14.wav,Happy,401,Happy,Sad,False,0.9927604,3.3214749e-06,0.0063825618,0.0006115814,0.00013449299,9.871901e-05,0.9927604,8.97018e-06
3705,savee,DC,DC_h15.wav,Happy,401,Happy,Fear,False,0.69613355,0.003826061,0.1238369,0.69613355,0.0032567559,4.6597466e-05,0.16590902,0.0069910544
3706,savee,DC,DC_n01.wav,Neutral,378,Neutral,Sad,False,0.9037919,0.0036048496,0.07541525,0.012536718,0.004524667,9.763995e-06,0.9037919,0.00011676632
3707,savee,DC,DC_n02.wav,Neutral,378,Neutral,Sad,False,0.94631153,0.00015471292,0.00037732293,0.052259512,0.00089341094,1.6334259e-06,0.94631153,1.8822e-06
3708,savee,DC,DC_n03.wav,Neutral,206,Neutral,Fear,False,0.96862316,0.013824121,1.1222147e-05,0.96862316,0.0017138221,0.002333262,0.0014602769,0.012034126
3709,savee,DC,DC_n04.wav,Neutral,361,Neutral,Sad,False,0.8789232,3.3914468e-05,0.031230325,0.08109956,0.008712383,7.342752e-09,0.8789232,6.403858e-07
3710,savee,DC,DC_n05.wav,Neutral,284,Neutral,Sad,False,0.7913757,0.01748977,0.0133531215,0.13010134,0.047363393,2.8191409e-05,0.7913757,0.0002884966
3711,savee,DC,DC_n06.wav,Neutral,401,Neutral,Sad,False,0.9914396,1.5389859e-06,0.0013426271,0.00030255585,0.006913688,3.5992649e-09,0.9914396,1.5775308e-08
3712,savee,DC,DC_n07.wav,Neutral,401,Neutral,Sad,False,0.6288081,1.8453778e-06,0.2822532,0.07973602,0.009193916,1.09854625e-07,0.6288081,6.87898e-06
3713,savee,DC,DC_n08.wav,Neutral,350,Neutral,Disgust,False,0.52697825,0.28299642,0.52697825,0.074996196,0.0052725696,1.0598396e-07,0.10974997,6.4817227e-06
3714,savee,DC,DC_n09.wav,Neutral,379,Neutral,Sad,False,0.9923131,5.648957e-05,0.0010981782,0.0063095833,0.00022261323,2.307093e-10,0.9923131,2.5000041e-08
3715,savee,DC,DC_n10.wav,Neutral,401,Neutral,Sad,False,0.96547794,3.29678e-05,0.005710886,0.028481001,0.00029401426,6.1210392e-09,0.96547794,3.2120104e-06
3716,savee,DC,DC_n11.wav,Neutral,401,Neutral,Sad,False,0.7521233,5.991553e-06,0.00062824244,0.24686974,0.00021572883,3.783919e-05,0.7521233,0.00011912655
3717,savee,DC,DC_n12.wav,Neutral,298,Neutral,Sad,False,0.63975036,4.6445148e-05,0.0025413495,0.028929966,0.3287246,4.0435852e-06,0.63975036,3.209982e-06
3718,savee,DC,DC_n13.wav,Neutral,279,Neutral,Disgust,False,0.39708906,6.9530106e-05,0.39708906,0.044479817,0.228405,2.2033566e-05,0.3294582,0.00047632324
3719,savee,DC,DC_n14.wav,Neutral,401,Neutral,Sad,False,0.99204004,1.1509109e-05,0.001550356,0.006359248,2.9997762e-05,6.216943e-07,0.99204004,8.242543e-06
3720,savee,DC,DC_n15.wav,Neutral,401,Neutral,Sad,False,0.89879024,0.000103932085,0.025967678,0.07028822,0.004833554,6.35162e-06,0.89879024,1.004715e-05
3721,savee,DC,DC_n16.wav,Neutral,382,Neutral,Sad,False,0.9885493,6.995812e-05,0.001895859,0.0072554825,0.0022111854,9.965186e-06,0.9885493,8.187802e-06
3722,savee,DC,DC_n17.wav,Neutral,346,Neutral,Sad,False,0.9877137,0.00029311128,0.009108886,0.002627776,0.00025401163,1.2411042e-06,0.9877137,1.1847669e-06
3723,savee,DC,DC_n18.wav,Neutral,189,Neutral,Fear,False,0.96760726,0.010692611,1.6444214e-05,0.96760726,0.0014355243,0.0047129574,0.008804716,0.0067305705
3724,savee,DC,DC_n19.wav,Neutral,325,Neutral,Fear,False,0.5531889,0.0098497635,0.023501253,0.5531889,0.33623394,5.6097616e-07,0.07717852,4.7071862e-05
3725,savee,DC,DC_n20.wav,Neutral,330,Neutral,Sad,False,0.7863926,0.0015417956,0.013147503,0.13092607,0.06797149,1.598127e-07,0.7863926,2.0323983e-05
3726,savee,DC,DC_n21.wav,Neutral,401,Neutral,Sad,False,0.95761657,2.0040346e-05,0.0042043966,0.001987539,0.036171272,1.2382654e-07,0.95761657,7.88168e-08
3727,savee,DC,DC_n22.wav,Neutral,306,Neutral,Sad,False,0.7438363,0.0032879633,0.009403927,0.18319233,0.06023526,1.7956927e-05,0.7438363,2.6205855e-05
3728,savee,DC,DC_n23.wav,Neutral,332,Neutral,Fear,False,0.82599664,0.015297172,0.004637641,0.82599664,0.08208014,1.373416e-06,0.07193716,4.9777518e-05
3729,savee,DC,DC_n24.wav,Neutral,387,Neutral,Sad,False,0.98439205,0.0018626557,0.00845284,0.0013091522,0.0039804885,2.0258503e-06,0.98439205,8.119309e-07
3730,savee,DC,DC_n25.wav,Neutral,401,Neutral,Sad,False,0.99880016,3.8593382e-07,0.00015918139,0.0010320997,7.918928e-06,1.192163e-07,0.99880016,1.18884316e-07
3731,savee,DC,DC_n26.wav,Neutral,314,Neutral,Sad,False,0.77592117,9.96414e-06,0.0014233512,0.20463118,0.0180039,2.5740558e-06,0.77592117,7.886607e-06
3732,savee,DC,DC_n27.wav,Neutral,401,Neutral,Sad,False,0.9597541,0.0012908604,0.027557278,0.009449938,0.00021360801,0.0016847911,0.9597541,4.9377664e-05
3733,savee,DC,DC_n28.wav,Neutral,401,Neutral,Sad,False,0.99497235,1.1344321e-07,0.0040185717,0.00035326506,0.0006539884,6.800325e-07,0.99497235,8.933609e-07
3734,savee,DC,DC_n29.wav,Neutral,329,Neutral,Fear,False,0.98719877,0.00011129179,0.0004533187,0.98719877,0.009122484,1.744392e-08,0.0031043596,9.724326e-06
3735,savee,DC,DC_n30.wav,Neutral,401,Neutral,Sad,False,0.9070599,0.0003666071,0.009389341,0.08198723,0.00041869766,1.8894592e-05,0.9070599,0.0007592691
3736,savee,DC,DC_sa01.wav,Sad,401,Sad,Sad,True,0.97273165,0.0006270181,0.02278616,0.003800454,1.4895245e-05,1.939654e-06,0.97273165,3.791071e-05
3737,savee,DC,DC_sa02.wav,Sad,394,Sad,Sad,True,0.65197176,9.180099e-05,0.0017288502,0.34607357,6.741568e-05,1.01742e-05,0.65197176,5.6447505e-05
3738,savee,DC,DC_sa03.wav,Sad,243,Sad,Fear,False,0.5626979,0.104388766,0.03794918,0.5626979,0.009214103,0.01080283,0.15484524,0.120101996
3739,savee,DC,DC_sa04.wav,Sad,401,Sad,Sad,True,0.96970516,0.0007780042,0.00065982994,0.005211329,0.0037462302,0.010621027,0.96970516,0.009278515
3740,savee,DC,DC_sa05.wav,Sad,401,Sad,Sad,True,0.87862235,5.5040062e-05,0.07198342,0.047120053,0.00021096155,0.0018888132,0.87862235,0.00011941503
3741,savee,DC,DC_sa06.wav,Sad,401,Sad,Sad,True,0.9870394,3.4328874e-05,0.002873421,0.009590149,0.00046142042,4.1831072e-07,0.9870394,8.257481e-07
3742,savee,DC,DC_sa07.wav,Sad,292,Sad,Sad,True,0.72882986,0.00018081287,3.253302e-05,0.26383016,0.006245047,0.0008192535,0.72882986,6.2380794e-05
3743,savee,DC,DC_sa08.wav,Sad,307,Sad,Fear,False,0.7324092,0.00483657,0.001518216,0.7324092,0.018287254,0.0013553537,0.24068636,0.0009071018
3744,savee,DC,DC_sa09.wav,Sad,275,Sad,Sad,True,0.45407927,0.010468585,0.06887838,0.019119395,0.44514066,0.0015309902,0.45407927,0.00078280095
3745,savee,DC,DC_sa10.wav,Sad,401,Sad,Sad,True,0.9989247,1.2745443e-06,0.00083477324,7.760573e-05,0.00016015941,1.271463e-06,0.9989247,2.4543513e-07
3746,savee,DC,DC_sa11.wav,Sad,401,Sad,Sad,True,0.9430994,0.004523099,0.048193775,0.0036456175,0.00019789119,2.2629722e-05,0.9430994,0.0003175732
3747,savee,DC,DC_sa12.wav,Sad,401,Sad,Happy,False,0.3404713,0.0021747134,0.031988792,0.27137712,0.3404713,0.00065412506,0.33236223,0.020971721
3748,savee,DC,DC_sa13.wav,Sad,401,Sad,Sad,True,0.88369936,0.0022628666,0.1122311,0.0012105802,0.00019532083,5.9450704e-05,0.88369936,0.00034141017
3749,savee,DC,DC_sa14.wav,Sad,401,Sad,Sad,True,0.60329777,0.2735748,0.119367756,0.0006880621,0.0026301437,0.00024457942,0.60329777,0.00019689898
3750,savee,DC,DC_sa15.wav,Sad,401,Sad,Sad,True,0.6457435,0.0019535613,0.2910823,0.05891555,0.002245504,4.9093433e-05,0.6457435,1.04763185e-05
3751,savee,DC,DC_su01.wav,Surprise,325,Surprise,Fear,False,0.98840535,2.9194293e-06,0.0006494892,0.98840535,0.0005872093,1.5537566e-06,0.007250483,0.003102965
3752,savee,DC,DC_su02.wav,Surprise,323,Surprise,Fear,False,0.8062143,3.7007965e-05,3.7930775e-05,0.8062143,0.00057452073,1.2358874e-05,0.19303618,8.7669185e-05
3753,savee,DC,DC_su03.wav,Surprise,187,Surprise,Fear,False,0.9748316,0.0025831067,1.3477919e-06,0.9748316,0.002182273,0.0063304384,0.0006513666,0.013419795
3754,savee,DC,DC_su04.wav,Surprise,336,Surprise,Fear,False,0.6014691,0.0040704804,0.003928612,0.6014691,0.006964406,0.00023460604,0.38320112,0.00013169377
3755,savee,DC,DC_su05.wav,Surprise,284,Surprise,Sad,False,0.87368554,0.00040339943,0.007370038,0.05989735,0.019110322,0.00086294394,0.87368554,0.038670495
3756,savee,DC,DC_su06.wav,Surprise,243,Surprise,Fear,False,0.9994135,0.00013185025,9.6851906e-08,0.9994135,8.856532e-05,5.363578e-07,0.00030692492,5.8518126e-05
3757,savee,DC,DC_su07.wav,Surprise,346,Surprise,Fear,False,0.7053326,1.2703137e-05,0.030245356,0.7053326,0.006879666,6.7011494e-09,0.25752673,2.9362438e-06
3758,savee,DC,DC_su08.wav,Surprise,381,Surprise,Sad,False,0.9837389,1.5880713e-06,0.0023013696,0.013066054,0.00067546446,2.7553622e-07,0.9837389,0.00021631946
3759,savee,DC,DC_su09.wav,Surprise,344,Surprise,Sad,False,0.6852567,2.273827e-05,0.003990763,0.266022,0.044575762,4.5301636e-07,0.6852567,0.00013154926
3760,savee,DC,DC_su10.wav,Surprise,401,Surprise,Sad,False,0.9842904,8.133917e-05,0.010640361,0.002499026,0.0024864897,5.645895e-08,0.9842904,2.337173e-06
3761,savee,DC,DC_su11.wav,Surprise,268,Surprise,Fear,False,0.8996721,4.166598e-05,1.784126e-05,0.8996721,0.0014554504,9.718742e-05,0.09815954,0.0005562054
3762,savee,DC,DC_su12.wav,Surprise,401,Surprise,Sad,False,0.9999014,2.8007827e-10,1.2425921e-06,8.215024e-05,1.2279839e-05,2.9171654e-06,0.9999014,3.837973e-08
3763,savee,DC,DC_su13.wav,Surprise,401,Surprise,Sad,False,0.95320964,0.00032523728,0.022142759,0.02114921,0.002653663,1.8348176e-07,0.95320964,0.0005193098
3764,savee,DC,DC_su14.wav,Surprise,401,Surprise,Sad,False,0.6119159,6.5723502e-06,0.0068637193,0.3796739,0.0009988551,0.0002771703,0.6119159,0.00026386353
3765,savee,DC,DC_su15.wav,Surprise,401,Surprise,Sad,False,0.9986112,1.0587141e-08,0.0012926569,6.4386266e-05,1.5396277e-05,1.4178061e-05,0.9986112,2.191741e-06
3766,savee,JE,JE_a01.wav,Angry,356,Angry,Sad,False,0.9747317,2.2290335e-05,8.5080785e-05,0.023407836,0.001683929,6.235391e-05,0.9747317,6.78636e-06
3767,savee,JE,JE_a02.wav,Angry,260,Angry,Sad,False,0.54114735,0.00023253409,6.283929e-05,0.42124197,0.03630568,0.00021459651,0.54114735,0.0007949879
3768,savee,JE,JE_a03.wav,Angry,106,Angry,Fear,False,0.93026406,0.016735964,3.146187e-06,0.93026406,0.039395418,0.004219162,0.002763937,0.0066183372
3769,savee,JE,JE_a04.wav,Angry,212,Angry,Sad,False,0.451832,0.18836628,0.11297528,0.07669853,0.112405635,0.055707324,0.451832,0.0020149811
3770,savee,JE,JE_a05.wav,Angry,228,Angry,Disgust,False,0.9645542,0.00023076149,0.9645542,0.002853718,5.0493036e-05,9.6144526e-05,0.007887649,0.024327004
3771,savee,JE,JE_a06.wav,Angry,340,Angry,Disgust,False,0.6140242,0.0002578725,0.6140242,0.000100217236,6.443552e-05,8.492046e-08,0.3855524,8.1622784e-07
3772,savee,JE,JE_a07.wav,Angry,161,Angry,Neutral,False,0.6084226,0.043622438,0.000515544,0.0023737547,0.3383597,0.6084226,0.0017222929,0.004983698
3773,savee,JE,JE_a08.wav,Angry,269,Angry,Sad,False,0.9858329,0.00028580535,0.008744141,0.0002364414,0.0037176798,0.00021315951,0.9858329,0.00096991286
3774,savee,JE,JE_a09.wav,Angry,353,Angry,Sad,False,0.7064832,0.00082013017,0.2620655,0.0016891472,0.028911913,7.722011e-08,0.7064832,3.0084862e-05
3775,savee,JE,JE_a10.wav,Angry,353,Angry,Disgust,False,0.7802203,0.017338414,0.7802203,0.0001279043,0.09125571,2.067503e-06,0.11104973,5.8688593e-06
3776,savee,JE,JE_a11.wav,Angry,325,Angry,Sad,False,0.88841736,6.8600607e-06,0.10660672,0.0012000503,0.0037325711,2.7082744e-05,0.88841736,9.369888e-06
3777,savee,JE,JE_a12.wav,Angry,384,Angry,Sad,False,0.99515593,9.1971826e-11,0.00022146547,0.0046208194,1.815814e-06,3.2656933e-11,0.99515593,1.9941046e-08
3778,savee,JE,JE_a13.wav,Angry,397,Angry,Sad,False,0.9904321,5.9825066e-05,0.002994736,0.0058721295,0.0005161682,0.000111912785,0.9904321,1.3070067e-05
3779,savee,JE,JE_a14.wav,Angry,401,Angry,Sad,False,0.86441106,1.20388195e-05,0.12817302,0.0026313402,0.0015357534,3.3561104e-05,0.86441106,0.00320315
3780,savee,JE,JE_a15.wav,Angry,401,Angry,Sad,False,0.69298154,0.023694906,0.018315587,0.07597472,0.18899001,2.0863887e-05,0.69298154,2.2317243e-05
3781,savee,JE,JE_d01.wav,Disgust,401,Disgust,Sad,False,0.83949804,0.00033099376,0.0029816923,0.15516824,0.0015313675,4.235784e-06,0.83949804,0.0004855082
3782,savee,JE,JE_d02.wav,Disgust,355,Disgust,Fear,False,0.81599206,0.000110879795,5.6122488e-05,0.81599206,0.030932529,4.771603e-06,0.15282981,7.382356e-05
3783,savee,JE,JE_d03.wav,Disgust,251,Disgust,Angry,False,0.34305924,0.34305924,0.005489463,0.13266832,0.29252315,0.0071773445,0.2117693,0.007313247
3784,savee,JE,JE_d04.wav,Disgust,401,Disgust,Sad,False,0.99044156,3.14002e-07,0.0012801476,0.000609016,0.0076687024,1.9722117e-07,0.99044156,9.651073e-09
3785,savee,JE,JE_d05.wav,Disgust,350,Disgust,Fear,False,0.90708303,0.0005309521,0.00015492577,0.90708303,0.01075434,1.2966124e-05,0.08132826,0.00013542849
3786,savee,JE,JE_d06.wav,Disgust,315,Disgust,Disgust,True,0.84541786,0.0016444556,0.84541786,0.074978605,0.005869963,2.8285046e-07,0.072051786,3.7080103e-05
3787,savee,JE,JE_d07.wav,Disgust,289,Disgust,Fear,False,0.9782536,0.007974757,0.00021599064,0.9782536,0.0031039035,5.175355e-06,0.010102899,0.00034376385
3788,savee,JE,JE_d08.wav,Disgust,401,Disgust,Sad,False,0.99165994,1.4098703e-07,6.4100386e-06,0.008153523,0.00017992588,1.870096e-08,0.99165994,1.037148e-07
3789,savee,JE,JE_d09.wav,Disgust,401,Disgust,Disgust,True,0.47674763,0.0012844196,0.47674763,0.07417999,0.01642434,1.87006e-05,0.43113646,0.00020842483
3790,savee,JE,JE_d10.wav,Disgust,358,Disgust,Sad,False,0.9602751,8.294521e-06,0.037379723,0.0017993888,0.00053200737,7.657783e-07,0.9602751,4.691985e-06
3791,savee,JE,JE_d11.wav,Disgust,365,Disgust,Sad,False,0.7575714,9.617763e-06,0.1546651,0.08450796,0.0031926155,1.024779e-06,0.7575714,5.2264568e-05
3792,savee,JE,JE_d12.wav,Disgust,302,Disgust,Fear,False,0.98404086,5.2724345e-06,9.838241e-05,0.98404086,0.00014181205,1.10794566e-07,0.01568974,2.3733845e-05
3793,savee,JE,JE_d13.wav,Disgust,401,Disgust,Sad,False,0.79952246,0.00037699452,0.017985074,0.04386816,0.1381118,6.844439e-05,0.79952246,6.7078116e-05
3794,savee,JE,JE_d14.wav,Disgust,401,Disgust,Sad,False,0.8683763,2.8144124e-05,0.1086931,0.019400641,0.0034469124,1.5484597e-06,0.8683763,5.3345855e-05
3795,savee,JE,JE_d15.wav,Disgust,401,Disgust,Sad,False,0.9242994,5.1378663e-07,0.07008666,0.002723058,0.0024918627,7.6988584e-07,0.9242994,0.0003976854
3796,savee,JE,JE_f01.wav,Fear,401,Fear,Sad,False,0.735733,9.313711e-08,0.0006194172,0.26362237,1.3990285e-05,2.5664738e-06,0.735733,8.598255e-06
3797,savee,JE,JE_f02.wav,Fear,385,Fear,Fear,True,0.792857,5.6530964e-05,1.841291e-05,0.792857,0.0019327052,1.7041884e-06,0.20509277,4.086625e-05
3798,savee,JE,JE_f03.wav,Fear,290,Fear,Fear,True,0.75499785,0.025815161,0.0003859205,0.75499785,0.17743914,3.4529594e-06,0.0090411315,0.032317378
3799,savee,JE,JE_f04.wav,Fear,340,Fear,Fear,True,0.9797505,3.3916713e-06,1.5450865e-05,0.9797505,0.00095482415,1.0286611e-08,0.01927184,4.0845634e-06
3800,savee,JE,JE_f05.wav,Fear,391,Fear,Sad,False,0.5958825,2.2899354e-07,0.0003429858,0.40338212,0.00036070647,3.2459846e-09,0.5958825,3.1484757e-05
3801,savee,JE,JE_f06.wav,Fear,362,Fear,Fear,True,0.9150779,0.00065757456,0.0001675747,0.9150779,0.00094859797,8.741359e-10,0.08309837,4.994793e-05
3802,savee,JE,JE_f07.wav,Fear,401,Fear,Fear,True,0.79533654,7.8322655e-06,0.00039093214,0.79533654,0.025274165,8.7962576e-08,0.17897753,1.2826436e-05
3803,savee,JE,JE_f08.wav,Fear,401,Fear,Sad,False,0.9985422,1.2220842e-08,1.4798893e-05,0.0014422259,7.7506724e-07,4.633901e-09,0.9985422,3.287376e-09
3804,savee,JE,JE_f09.wav,Fear,401,Fear,Fear,True,0.7452718,0.000105767496,2.0208252e-05,0.7452718,0.00047497614,2.7748661e-09,0.25412628,9.893396e-07
3805,savee,JE,JE_f10.wav,Fear,306,Fear,Fear,True,0.8914366,2.2236063e-05,1.8129379e-07,0.8914366,0.0026190933,3.5744822e-06,0.105905384,1.2952048e-05
3806,savee,JE,JE_f11.wav,Fear,401,Fear,Fear,True,0.49556512,0.0007421141,0.0014751531,0.49556512,0.08120116,6.3279e-05,0.42080233,0.00015089563
3807,savee,JE,JE_f12.wav,Fear,401,Fear,Sad,False,0.85374427,0.00013822263,0.14404179,0.0007320259,0.0013422465,2.5031235e-07,0.85374427,1.1722091e-06
3808,savee,JE,JE_f13.wav,Fear,308,Fear,Fear,True,0.9669716,8.1350237e-07,1.9624947e-06,0.9669716,0.00033543346,8.410737e-08,0.03268033,9.820796e-06
3809,savee,JE,JE_f14.wav,Fear,401,Fear,Sad,False,0.9418989,0.028041419,0.018015545,0.011878046,4.2197553e-06,2.0443222e-05,0.9418989,0.00014145563
3810,savee,JE,JE_f15.wav,Fear,401,Fear,Sad,False,0.9052408,8.488911e-05,0.09272715,0.0013213882,0.00041666193,0.00019832932,0.9052408,1.0832901e-05
3811,savee,JE,JE_h01.wav,Happy,401,Happy,Sad,False,0.9791438,2.696788e-05,0.007148203,0.013556586,2.2081564e-05,6.059602e-05,0.9791438,4.1795283e-05
3812,savee,JE,JE_h02.wav,Happy,349,Happy,Fear,False,0.60619754,5.3917265e-06,0.0039219838,0.60619754,0.04189892,1.9424834e-07,0.34785593,0.000120145065
3813,savee,JE,JE_h03.wav,Happy,253,Happy,Fear,False,0.9845748,0.00032559442,2.8208576e-06,0.9845748,0.0064373417,3.2451517e-05,0.005458971,0.0031680644
3814,savee,JE,JE_h04.wav,Happy,362,Happy,Sad,False,0.7838402,0.0034317372,0.171544,0.013344528,0.02783612,1.3838779e-07,0.7838402,3.3197582e-06
3815,savee,JE,JE_h05.wav,Happy,311,Happy,Sad,False,0.8737151,0.030315083,0.035513133,0.0200356,0.03874831,0.00041680172,0.8737151,0.0012558522
3816,savee,JE,JE_h06.wav,Happy,401,Happy,Fear,False,0.7002586,0.00032089188,0.19808048,0.7002586,0.076398514,2.6066536e-08,0.009620148,0.015321324
3817,savee,JE,JE_h07.wav,Happy,269,Happy,Sad,False,0.59343165,0.00043926045,0.35036206,0.0131308595,0.041933827,3.2607328e-05,0.59343165,0.00066969485
3818,savee,JE,JE_h08.wav,Happy,333,Happy,Fear,False,0.49553108,3.398125e-06,0.20804815,0.49553108,0.013801735,3.6782424e-08,0.2823774,0.00023824742
3819,savee,JE,JE_h09.wav,Happy,401,Happy,Sad,False,0.95839584,0.0003481031,6.9366164e-05,0.033516675,0.007669861,2.4340256e-08,0.95839584,7.8222754e-08
3820,savee,JE,JE_h10.wav,Happy,364,Happy,Fear,False,0.748352,0.0015499048,0.0004827228,0.748352,0.0054262388,4.838448e-06,0.24414824,3.6094494e-05
3821,savee,JE,JE_h11.wav,Happy,401,Happy,Sad,False,0.93095416,0.00062820944,0.002869856,0.063306384,0.0015765217,0.00046264086,0.93095416,0.00020219525
3822,savee,JE,JE_h12.wav,Happy,401,Happy,Sad,False,0.7985824,0.013062283,0.1675953,0.002758056,0.00059889193,0.012282232,0.7985824,0.005120919
3823,savee,JE,JE_h13.wav,Happy,157,Happy,Fear,False,0.84468734,0.042848054,1.1354834e-05,0.84468734,0.07606487,0.0010858072,0.025524942,0.009777518
3824,savee,JE,JE_h14.wav,Happy,401,Happy,Sad,False,0.9972504,7.667029e-07,0.00091406074,0.0013053443,0.0004920709,1.218062e-05,0.9972504,2.5247016e-05
3825,savee,JE,JE_h15.wav,Happy,401,Happy,Disgust,False,0.86594987,0.00031520237,0.86594987,0.0007581668,0.0009768795,9.140719e-06,0.13169487,0.00029584134
3826,savee,JE,JE_n01.wav,Neutral,370,Neutral,Sad,False,0.91259104,0.0014824563,0.027323203,0.058012515,0.0005430831,2.6221894e-06,0.91259104,4.517998e-05
3827,savee,JE,JE_n02.wav,Neutral,339,Neutral,Sad,False,0.88259226,7.778342e-06,0.0010912105,0.11602956,0.00026647147,1.3660093e-06,0.88259226,1.1373065e-05
3828,savee,JE,JE_n03.wav,Neutral,210,Neutral,Fear,False,0.98890275,0.00033345877,0.00051958073,0.98890275,0.00017149704,0.0040394063,0.0057776687,0.00025565393
3829,savee,JE,JE_n04.wav,Neutral,346,Neutral,Fear,False,0.7177238,9.654519e-07,0.00026354665,0.7177238,0.003911899,5.922909e-08,0.27804345,5.624481e-05
3830,savee,JE,JE_n05.wav,Neutral,401,Neutral,Disgust,False,0.63748646,0.0003048921,0.63748646,0.0020195658,0.09759304,1.806815e-08,0.26259035,5.663877e-06
3831,savee,JE,JE_n06.wav,Neutral,398,Neutral,Sad,False,0.73058414,0.035817906,0.040461984,0.18112849,0.011568358,2.7322176e-05,0.73058414,0.0004117882
3832,savee,JE,JE_n07.wav,Neutral,401,Neutral,Sad,False,0.8922178,0.0012937891,0.017751392,0.079319894,0.0094051855,6.904436e-08,0.8922178,1.18487615e-05
3833,savee,JE,JE_n08.wav,Neutral,318,Neutral,Fear,False,0.7406503,0.00012632667,0.001996839,0.7406503,0.07553307,6.5842625e-07,0.18159649,9.6283904e-05
3834,savee,JE,JE_n09.wav,Neutral,365,Neutral,Fear,False,0.9661976,0.00051552826,0.00034578828,0.9661976,0.0033459698,2.518924e-09,0.029590877,4.1757985e-06
3835,savee,JE,JE_n10.wav,Neutral,383,Neutral,Sad,False,0.9522371,0.00035273214,0.006228311,0.03772288,0.0034574086,3.3102197e-07,0.9522371,1.2718142e-06
3836,savee,JE,JE_n11.wav,Neutral,401,Neutral,Sad,False,0.99974674,5.252842e-09,6.456967e-05,2.960131e-05,0.00015897921,1.438812e-07,0.99974674,1.48602535e-08
3837,savee,JE,JE_n12.wav,Neutral,329,Neutral,Fear,False,0.74449503,3.1386014e-06,0.0003223222,0.74449503,0.003970526,2.9041755e-07,0.25119987,8.884654e-06
3838,savee,JE,JE_n13.wav,Neutral,275,Neutral,Fear,False,0.62993354,0.00046224848,0.0058491193,0.62993354,0.21976335,0.00014430958,0.1379501,0.005897362
3839,savee,JE,JE_n14.wav,Neutral,401,Neutral,Sad,False,0.9889324,8.426186e-07,6.15762e-05,0.010579424,0.00028996787,2.4568228e-05,0.9889324,0.00011132775
3840,savee,JE,JE_n15.wav,Neutral,401,Neutral,Sad,False,0.9838291,5.5476735e-06,0.0017360878,0.011035463,0.0033836479,8.068986e-06,0.9838291,2.117658e-06
3841,savee,JE,JE_n16.wav,Neutral,345,Neutral,Sad,False,0.9636009,6.3316635e-05,0.0054506566,0.030781986,3.667538e-05,4.6035464e-05,0.9636009,2.0482168e-05
3842,savee,JE,JE_n17.wav,Neutral,301,Neutral,Fear,False,0.57072663,2.2775013e-05,0.017678156,0.57072663,0.020018399,1.5440525e-06,0.3914082,0.00014429519
3843,savee,JE,JE_n18.wav,Neutral,208,Neutral,Fear,False,0.7589337,0.0019369526,0.0030607653,0.7589337,0.069079705,0.061287485,0.05456626,0.051135153
3844,savee,JE,JE_n19.wav,Neutral,348,Neutral,Sad,False,0.9099785,0.00028500045,0.057879932,0.024273813,0.0075809634,2.3256352e-08,0.9099785,1.7732249e-06
3845,savee,JE,JE_n20.wav,Neutral,368,Neutral,Happy,False,0.5328428,0.016574368,0.062990084,0.21866108,0.5328428,7.0724695e-05,0.16547358,0.003387291
3846,savee,JE,JE_n21.wav,Neutral,384,Neutral,Sad,False,0.84235364,7.562966e-07,3.6294463e-05,0.15082735,0.006773651,4.4544095e-06,0.84235364,3.927263e-06
3847,savee,JE,JE_n22.wav,Neutral,304,Neutral,Fear,False,0.94777083,9.7049444e-05,9.381682e-05,0.94777083,0.00085728586,1.5562393e-05,0.051145922,1.9523915e-05
3848,savee,JE,JE_n23.wav,Neutral,338,Neutral,Fear,False,0.76233333,0.0010159443,0.15477408,0.76233333,0.0047356337,9.684047e-07,0.07705714,8.292042e-05
3849,savee,JE,JE_n24.wav,Neutral,384,Neutral,Sad,False,0.588445,7.4280295e-05,0.16299084,0.23530917,0.012829444,1.9494907e-07,0.588445,0.0003510294
3850,savee,JE,JE_n25.wav,Neutral,365,Neutral,Fear,False,0.8105651,0.00072683673,0.035745192,0.8105651,0.0073201787,8.3076486e-07,0.14554273,9.9112294e-05
3851,savee,JE,JE_n26.wav,Neutral,250,Neutral,Sad,False,0.71188647,0.00010392159,6.895524e-05,0.28023413,0.00060215546,0.0058691106,0.71188647,0.0012353213
3852,savee,JE,JE_n27.wav,Neutral,401,Neutral,Sad,False,0.6035956,0.002483647,0.0024335298,0.062420692,0.32834345,0.0006466437,0.6035956,7.633853e-05
3853,savee,JE,JE_n28.wav,Neutral,401,Neutral,Sad,False,0.96736556,7.2955623e-07,0.027255485,0.00036860525,0.004991676,1.4978839e-05,0.96736556,3.047911e-06
3854,savee,JE,JE_n29.wav,Neutral,335,Neutral,Fear,False,0.6535954,1.3423055e-05,0.048661426,0.6535954,0.012603541,9.4521276e-08,0.28511322,1.2883305e-05
3855,savee,JE,JE_n30.wav,Neutral,369,Neutral,Sad,False,0.8309453,1.6637774e-05,0.16000858,0.0084592765,0.0005590078,2.0142481e-07,0.8309453,1.0963158e-05
3856,savee,JE,JE_sa01.wav,Sad,401,Sad,Sad,True,0.9942054,1.1521807e-05,0.0041858503,0.0015818083,1.2537902e-05,1.6381001e-06,0.9942054,1.15835e-06
3857,savee,JE,JE_sa02.wav,Sad,372,Sad,Fear,False,0.8884832,7.85282e-06,0.0019229699,0.8884832,0.0008514403,3.2355632e-07,0.108723424,1.0758394e-05
3858,savee,JE,JE_sa03.wav,Sad,254,Sad,Sad,True,0.6127829,0.18709953,0.0066782953,0.09678376,0.022831697,0.05976621,0.6127829,0.014057728
3859,savee,JE,JE_sa04.wav,Sad,401,Sad,Sad,True,0.9909939,2.559131e-05,0.00799223,0.00097348576,6.8753474e-07,1.1341355e-05,0.9909939,2.694404e-06
3860,savee,JE,JE_sa05.wav,Sad,401,Sad,Sad,True,0.9916407,1.6074186e-05,0.0039935936,0.0028034213,0.0005016895,0.00089587434,0.9916407,0.00014875106
3861,savee,JE,JE_sa06.wav,Sad,401,Sad,Sad,True,0.8639815,0.00061513897,0.034984343,0.09434228,0.006000306,1.3620212e-05,0.8639815,6.280858e-05
3862,savee,JE,JE_sa07.wav,Sad,345,Sad,Fear,False,0.7147056,0.0025175407,1.3691586e-05,0.7147056,0.006072289,2.8138626e-05,0.27662647,3.6364356e-05
3863,savee,JE,JE_sa08.wav,Sad,401,Sad,Fear,False,0.66740316,0.00020555226,0.16264457,0.66740316,0.037671827,3.9234166e-08,0.13191128,0.00016355891
3864,savee,JE,JE_sa09.wav,Sad,370,Sad,Fear,False,0.9765537,0.00031413458,5.1466304e-05,0.9765537,0.0014633449,1.9294241e-06,0.021601189,1.4192593e-05
3865,savee,JE,JE_sa10.wav,Sad,401,Sad,Sad,True,0.9683698,1.3609791e-07,7.004515e-05,0.02714049,0.0044188784,4.8706266e-08,0.9683698,6.5028456e-07
3866,savee,JE,JE_sa11.wav,Sad,401,Sad,Sad,True,0.55538327,0.001471022,0.4223087,0.02056745,0.00020192545,2.284121e-05,0.55538327,4.4775414e-05
3867,savee,JE,JE_sa12.wav,Sad,401,Sad,Sad,True,0.95928997,4.427949e-05,0.0003567741,0.010159014,0.030094301,5.3994187e-05,0.95928997,1.6918194e-06
3868,savee,JE,JE_sa13.wav,Sad,401,Sad,Sad,True,0.99475706,3.3249255e-06,0.0003791418,0.0046402393,1.6136684e-05,0.00019963742,0.99475706,4.3563373e-06
3869,savee,JE,JE_sa14.wav,Sad,401,Sad,Sad,True,0.9983594,3.1740517e-05,0.0011876416,8.124704e-05,0.0003358233,2.4619374e-06,0.9983594,1.639219e-06
3870,savee,JE,JE_sa15.wav,Sad,401,Sad,Sad,True,0.9371779,8.312545e-05,0.048496526,0.0076463935,0.0065834043,1.2275196e-05,0.9371779,3.8877755e-07
3871,savee,JE,JE_su01.wav,Surprise,401,Surprise,Sad,False,0.96967185,4.8118437e-10,5.230859e-06,0.030321527,1.2444931e-06,2.2216673e-08,0.96967185,7.0279434e-08
3872,savee,JE,JE_su02.wav,Surprise,349,Surprise,Sad,False,0.78846,0.00015267255,0.0002595535,0.08088577,0.12998137,6.55334e-05,0.78846,0.00019516544
3873,savee,JE,JE_su03.wav,Surprise,282,Surprise,Surprise,True,0.72719073,0.013845505,0.003180782,0.23278545,0.016665185,7.3460387e-06,0.006325062,0.72719073
3874,savee,JE,JE_su04.wav,Surprise,401,Surprise,Fear,False,0.95220953,3.0460805e-07,2.519252e-05,0.95220953,3.2185482e-05,2.5302384e-07,0.047728702,3.742049e-06
3875,savee,JE,JE_su05.wav,Surprise,371,Surprise,Fear,False,0.81900406,5.4738766e-06,7.690976e-07,0.81900406,2.3038232e-05,8.6800167e-10,0.18096642,2.9745897e-07
3876,savee,JE,JE_su06.wav,Surprise,301,Surprise,Fear,False,0.86825335,2.1911173e-05,6.879921e-05,0.86825335,0.06202432,3.199555e-07,0.06952228,0.00010907143
3877,savee,JE,JE_su07.wav,Surprise,401,Surprise,Fear,False,0.69757795,1.4024105e-08,2.0895557e-06,0.69757795,0.0057447944,1.6835096e-11,0.29667497,2.4355396e-07
3878,savee,JE,JE_su08.wav,Surprise,317,Surprise,Sad,False,0.6305851,0.0012152984,0.07041129,0.12100536,0.17676213,1.3302976e-07,0.6305851,2.0690082e-05
3879,savee,JE,JE_su09.wav,Surprise,237,Surprise,Fear,False,0.8086009,0.0021103392,3.1578984e-05,0.8086009,0.05320436,8.339937e-06,0.13602033,2.4083161e-05
3880,savee,JE,JE_su10.wav,Surprise,401,Surprise,Sad,False,0.9990134,3.1124642e-08,9.498607e-06,0.00077404187,0.00020286928,4.720136e-10,0.9990134,6.740996e-08
3881,savee,JE,JE_su11.wav,Surprise,362,Surprise,Fear,False,0.7695106,8.197774e-05,4.3076478e-05,0.7695106,0.0030128176,3.8112827e-07,0.22726959,8.16056e-05
3882,savee,JE,JE_su12.wav,Surprise,401,Surprise,Sad,False,0.9894287,1.476047e-05,0.00613093,0.0026765,0.0017049309,3.0895399e-06,0.9894287,4.118389e-05
3883,savee,JE,JE_su13.wav,Surprise,340,Surprise,Disgust,False,0.70797354,0.0017092943,0.70797354,0.00045726966,0.1602516,6.6670007e-09,0.12767501,0.0019332687
3884,savee,JE,JE_su14.wav,Surprise,401,Surprise,Sad,False,0.8392943,0.00022492872,0.1320365,0.01931136,0.009064274,1.887643e-06,0.8392943,6.670799e-05
3885,savee,JE,JE_su15.wav,Surprise,401,Surprise,Sad,False,0.9826491,4.286984e-05,0.00074113463,0.013329844,0.0030996108,0.00013425993,0.9826491,3.2199762e-06
3886,savee,JK,JK_a01.wav,Angry,401,Angry,Sad,False,0.9308578,0.0001861901,0.0004126935,0.067418866,0.001106645,3.3246458e-06,0.9308578,1.4566409e-05
3887,savee,JK,JK_a02.wav,Angry,292,Angry,Sad,False,0.85238683,5.706995e-07,0.00043875686,0.14714958,8.144969e-06,8.103625e-06,0.85238683,7.979779e-06
3888,savee,JK,JK_a03.wav,Angry,148,Angry,Fear,False,0.9756717,0.0024360304,3.835679e-06,0.9756717,0.0208143,8.073589e-05,0.0004324035,0.00056097645
3889,savee,JK,JK_a04.wav,Angry,237,Angry,Sad,False,0.5440296,0.0317934,0.00020335712,0.20821714,0.21475606,0.0009700785,0.5440296,3.0383155e-05
3890,savee,JK,JK_a05.wav,Angry,269,Angry,Disgust,False,0.9646256,0.0011370837,0.9646256,0.00060244615,0.0019555998,3.8999267e-05,0.029391501,0.0022488295
3891,savee,JK,JK_a06.wav,Angry,337,Angry,Sad,False,0.7163251,6.819763e-05,0.28315285,0.0002097058,0.00024061928,1.03486634e-07,0.7163251,3.5111611e-06
3892,savee,JK,JK_a07.wav,Angry,186,Angry,Happy,False,0.9181837,0.05510115,3.810746e-05,0.017002255,0.9181837,0.0015529781,0.007502306,0.0006195544
3893,savee,JK,JK_a08.wav,Angry,273,Angry,Sad,False,0.44768807,0.09510572,0.0006787782,0.38105723,0.066480555,0.00015423768,0.44768807,0.0088354265
3894,savee,JK,JK_a09.wav,Angry,317,Angry,Sad,False,0.65194714,0.024299096,0.28943834,0.02331482,0.00020259894,2.935273e-05,0.65194714,0.010768547
3895,savee,JK,JK_a10.wav,Angry,353,Angry,Sad,False,0.91072464,0.061381027,0.01194368,0.0025338698,0.012753717,0.0005828562,0.91072464,8.024471e-05
3896,savee,JK,JK_a11.wav,Angry,244,Angry,Sad,False,0.5248766,0.00022621533,0.00027550862,0.047140628,0.009988806,0.012949759,0.5248766,0.4045425
3897,savee,JK,JK_a12.wav,Angry,260,Angry,Sad,False,0.80633247,0.009954811,0.0015988579,0.10036584,0.05287196,0.025932262,0.80633247,0.002943828
3898,savee,JK,JK_a13.wav,Angry,401,Angry,Disgust,False,0.7354398,0.04068651,0.7354398,0.005438949,0.00058271136,4.224751e-06,0.21733397,0.0005138468
3899,savee,JK,JK_a14.wav,Angry,401,Angry,Disgust,False,0.78669757,0.003604846,0.78669757,0.002538551,9.8455515e-05,0.003975674,0.2002183,0.002866505
3900,savee,JK,JK_a15.wav,Angry,401,Angry,Sad,False,0.76273966,0.000115506504,0.050960913,0.029176446,0.15684183,1.08775985e-05,0.76273966,0.0001546475
3901,savee,JK,JK_d01.wav,Disgust,401,Disgust,Disgust,True,0.98339695,1.327982e-05,0.98339695,4.5155153e-07,5.2499126e-05,7.712705e-09,0.016532658,4.201281e-06
3902,savee,JK,JK_d02.wav,Disgust,399,Disgust,Sad,False,0.94743496,1.619562e-06,0.0001433832,0.052413993,3.24263e-06,8.3127265e-09,0.94743496,2.8108213e-06
3903,savee,JK,JK_d03.wav,Disgust,260,Disgust,Fear,False,0.961853,0.011217026,0.00018375544,0.961853,0.015191928,3.7354496e-06,0.008261744,0.003288742
3904,savee,JK,JK_d04.wav,Disgust,397,Disgust,Sad,False,0.997497,5.163816e-08,1.4042478e-05,0.0019388271,0.0005495384,1.7882427e-09,0.997497,4.3858458e-07
3905,savee,JK,JK_d05.wav,Disgust,336,Disgust,Sad,False,0.5203187,0.00032573676,0.0008284871,0.17328843,0.305103,1.407286e-06,0.5203187,0.00013414146
3906,savee,JK,JK_d06.wav,Disgust,374,Disgust,Sad,False,0.9932011,5.8430043e-09,4.8176324e-05,0.006711416,3.9087223e-05,4.879185e-08,0.9932011,2.7010347e-07
3907,savee,JK,JK_d07.wav,Disgust,304,Disgust,Fear,False,0.6760039,0.001264422,0.00880954,0.6760039,0.27322286,2.1803905e-06,0.039756678,0.0009404428
3908,savee,JK,JK_d08.wav,Disgust,397,Disgust,Sad,False,0.986331,1.6451175e-05,3.315777e-05,0.0045628706,0.009043213,7.190739e-07,0.986331,1.2533512e-05
3909,savee,JK,JK_d09.wav,Disgust,401,Disgust,Sad,False,0.53986514,0.011169757,0.04584044,0.0041916138,0.398589,0.0002361612,0.53986514,0.00010792921
3910,savee,JK,JK_d10.wav,Disgust,401,Disgust,Sad,False,0.985957,4.3773274e-05,0.0002460389,0.0036654794,0.010059158,2.355552e-05,0.985957,5.046003e-06
3911,savee,JK,JK_d11.wav,Disgust,394,Disgust,Sad,False,0.9981139,2.8885285e-08,0.0017557758,2.5077015e-05,0.00010506151,2.0816273e-09,0.9981139,2.1637062e-07
3912,savee,JK,JK_d12.wav,Disgust,302,Disgust,Sad,False,0.5405258,0.050793633,0.020546174,0.35277733,0.03322631,0.0001760369,0.5405258,0.001954721
3913,savee,JK,JK_d13.wav,Disgust,401,Disgust,Sad,False,0.74058247,0.0012450624,0.23110992,0.008232105,0.01713926,1.003416e-05,0.74058247,0.0016811477
3914,savee,JK,JK_d14.wav,Disgust,401,Disgust,Disgust,True,0.77531374,0.0061213803,0.77531374,0.0016156344,0.052315105,2.1980526e-07,0.16448206,0.00015181817
3915,savee,JK,JK_d15.wav,Disgust,401,Disgust,Sad,False,0.9997894,2.7864482e-08,0.00014084975,6.079721e-05,7.7881e-06,6.26491e-07,0.9997894,6.151463e-07
3916,savee,JK,JK_f01.wav,Fear,378,Fear,Sad,False,0.93613654,2.74929e-05,0.0015203032,0.06226415,2.0882968e-05,8.2500134e-07,0.93613654,2.9865696e-05
3917,savee,JK,JK_f02.wav,Fear,266,Fear,Fear,True,0.49118564,0.015712282,0.00017488467,0.49118564,0.22558206,0.0014330603,0.2532991,0.012612953
3918,savee,JK,JK_f03.wav,Fear,138,Fear,Fear,True,0.39551717,0.346065,1.7847366e-08,0.39551717,0.2573627,0.00013216597,0.0003478943,0.0005750184
3919,savee,JK,JK_f04.wav,Fear,231,Fear,Sad,False,0.93430555,1.0123337e-05,0.00020040969,0.059088524,0.006256246,0.00013174662,0.93430555,7.4206946e-06
3920,savee,JK,JK_f05.wav,Fear,285,Fear,Sad,False,0.91366345,4.350063e-05,0.002703652,0.083543554,4.4132183e-05,9.388835e-09,0.91366345,1.7463123e-06
3921,savee,JK,JK_f06.wav,Fear,357,Fear,Fear,True,0.62222415,0.00025709433,0.0024168054,0.62222415,0.07001408,3.1263738e-07,0.30488032,0.00020722495
3922,savee,JK,JK_f07.wav,Fear,401,Fear,Sad,False,0.9937655,1.737296e-08,0.00016086575,0.005008307,0.0010652444,4.7288844e-09,0.9937655,1.6746058e-07
3923,savee,JK,JK_f08.wav,Fear,401,Fear,Sad,False,0.96373403,1.4446299e-07,0.00026253427,0.033792265,0.0021885026,1.0634432e-07,0.96373403,2.240004e-05
3924,savee,JK,JK_f09.wav,Fear,394,Fear,Sad,False,0.9768197,1.0603912e-06,0.00017058033,0.019589089,0.0034195282,1.2052268e-08,0.9768197,1.0641755e-07
3925,savee,JK,JK_f10.wav,Fear,190,Fear,Fear,True,0.9322281,0.0005537907,2.6248308e-06,0.9322281,0.039497603,5.4234995e-05,0.0011059534,0.026557693
3926,savee,JK,JK_f11.wav,Fear,401,Fear,Sad,False,0.98065853,7.194276e-08,0.00019574347,0.015935907,0.0032065043,5.205337e-09,0.98065853,3.3182364e-06
3927,savee,JK,JK_f12.wav,Fear,401,Fear,Happy,False,0.66983783,4.955632e-06,1.7886297e-05,0.22164081,0.66983783,1.1528449e-06,0.108301215,0.0001961437
3928,savee,JK,JK_f13.wav,Fear,209,Fear,Happy,False,0.97854495,0.0002960885,0.0032123122,0.012272509,0.97854495,7.634424e-05,0.005143905,0.00045391463
3929,savee,JK,JK_f14.wav,Fear,394,Fear,Happy,False,0.61688703,8.06124e-06,9.941321e-05,0.16782863,0.61688703,4.205227e-07,0.21516317,1.3316075e-05
3930,savee,JK,JK_f15.wav,Fear,401,Fear,Happy,False,0.64326113,0.00075340975,0.0003080741,0.16898586,0.64326113,3.1902178e-07,0.18465102,0.0020402118
3931,savee,JK,JK_h01.wav,Happy,356,Happy,Sad,False,0.8328127,8.071189e-05,0.13212861,0.03104163,9.473288e-05,1.0777977e-05,0.8328127,0.0038307705
3932,savee,JK,JK_h02.wav,Happy,237,Happy,Angry,False,0.6316774,0.6316774,0.00097393634,0.14657548,0.086268954,0.0021420275,0.12579702,0.006565189
3933,savee,JK,JK_h03.wav,Happy,157,Happy,Happy,True,0.528627,0.33265868,8.311696e-05,0.045534264,0.528627,0.025763283,0.0074255555,0.059908126
3934,savee,JK,JK_h04.wav,Happy,234,Happy,Happy,True,0.8842123,0.000996597,0.016205592,0.048048373,0.8842123,5.29967e-06,0.05046942,6.231382e-05
3935,savee,JK,JK_h05.wav,Happy,301,Happy,Fear,False,0.41794074,0.0061655254,0.06020879,0.41794074,0.2196151,7.2364026e-05,0.28632224,0.009675195
3936,savee,JK,JK_h06.wav,Happy,367,Happy,Fear,False,0.9630047,1.3732286e-05,0.0006501955,0.9630047,0.00036369677,3.1283835e-07,0.03595719,1.0234597e-05
3937,savee,JK,JK_h07.wav,Happy,308,Happy,Fear,False,0.81992453,3.7686663e-05,0.010866229,0.81992453,0.0007335639,2.574646e-07,0.16823106,0.00020666872
3938,savee,JK,JK_h08.wav,Happy,180,Happy,Fear,False,0.5832889,8.107633e-06,2.913917e-06,0.5832889,0.3815523,0.00096135563,0.033479434,0.00070689816
3939,savee,JK,JK_h09.wav,Happy,228,Happy,Happy,True,0.65969974,0.21680546,0.0026775396,0.019334828,0.65969974,0.00016933904,0.097797476,0.003515618
3940,savee,JK,JK_h10.wav,Happy,234,Happy,Disgust,False,0.6566206,0.029289331,0.6566206,0.03864206,0.20752075,0.0050858203,0.056974813,0.0058666146
3941,savee,JK,JK_h11.wav,Happy,401,Happy,Sad,False,0.876845,7.3477735e-05,0.0008351439,0.114671595,0.0070015597,2.6483689e-05,0.876845,0.00054683414
3942,savee,JK,JK_h12.wav,Happy,401,Happy,Sad,False,0.9742552,6.683102e-05,0.002908676,0.017671151,0.0047664447,0.0002493422,0.9742552,8.2398525e-05
3943,savee,JK,JK_h13.wav,Happy,263,Happy,Fear,False,0.9706834,0.000111706424,0.0006475466,0.9706834,0.00025038392,8.60623e-06,0.025878793,0.0024196496
3944,savee,JK,JK_h14.wav,Happy,401,Happy,Sad,False,0.44751462,0.014100177,0.0057389503,0.42072406,0.100775816,0.0039404877,0.44751462,0.0072059077
3945,savee,JK,JK_h15.wav,Happy,401,Happy,Sad,False,0.8437108,3.5670622e-05,0.0013228231,0.15165797,0.0021112352,3.478075e-06,0.8437108,0.0011579519
3946,savee,JK,JK_n01.wav,Neutral,401,Neutral,Sad,False,0.98609865,2.993495e-05,0.007930635,0.0048895865,0.0010465768,7.3689813e-07,0.98609865,3.8744042e-06
3947,savee,JK,JK_n02.wav,Neutral,397,Neutral,Sad,False,0.99924576,4.566112e-08,1.0092774e-05,0.00071729056,2.620669e-05,6.452962e-07,0.99924576,1.0061342e-08
3948,savee,JK,JK_n03.wav,Neutral,250,Neutral,Fear,False,0.98179734,0.0020129434,0.0007312684,0.98179734,0.00048865547,0.0005315602,0.005705747,0.008732536
3949,savee,JK,JK_n04.wav,Neutral,401,Neutral,Sad,False,0.7078769,8.606833e-07,0.012667115,0.27941152,4.0494404e-05,3.8641645e-09,0.7078769,3.0002261e-06
3950,savee,JK,JK_n05.wav,Neutral,333,Neutral,Sad,False,0.9609601,2.1497883e-06,0.020134894,0.005634166,0.013268421,6.24534e-08,0.9609601,6.8206525e-08
3951,savee,JK,JK_n06.wav,Neutral,401,Neutral,Sad,False,0.9957208,1.3986907e-05,0.0014013412,0.0024462044,0.0004156426,1.4402982e-06,0.9957208,6.463565e-07
3952,savee,JK,JK_n07.wav,Neutral,394,Neutral,Sad,False,0.81645465,4.6694593e-05,0.004158182,0.13837312,0.040932756,4.567601e-06,0.81645465,2.9987716e-05
3953,savee,JK,JK_n08.wav,Neutral,355,Neutral,Sad,False,0.8816018,0.0012975234,0.0018946084,0.04600256,0.069188975,4.1600624e-06,0.8816018,1.0251498e-05
3954,savee,JK,JK_n09.wav,Neutral,364,Neutral,Fear,False,0.8440303,1.5787263e-06,4.4125145e-06,0.8440303,0.0010278545,2.846789e-09,0.15493551,1.8889412e-07
3955,savee,JK,JK_n10.wav,Neutral,392,Neutral,Sad,False,0.9524562,1.4163908e-07,1.8015893e-06,0.047349192,0.00019268639,1.978714e-09,0.9524562,4.908964e-08
3956,savee,JK,JK_n11.wav,Neutral,401,Neutral,Sad,False,0.8630185,1.4203549e-06,6.340667e-05,0.07598495,0.060915805,1.8390605e-07,0.8630185,1.574899e-05
3957,savee,JK,JK_n12.wav,Neutral,328,Neutral,Sad,False,0.7610503,1.0224616e-06,0.0010168465,0.23332341,0.0046064006,1.1727487e-06,0.7610503,8.671363e-07
3958,savee,JK,JK_n13.wav,Neutral,284,Neutral,Happy,False,0.6178442,4.2374362e-05,0.0022021427,0.058377802,0.6178442,6.949517e-05,0.32142112,4.2924996e-05
3959,savee,JK,JK_n14.wav,Neutral,401,Neutral,Sad,False,0.78520703,0.000136719,0.011748164,0.029235197,0.17346984,1.206083e-06,0.78520703,0.00020179662
3960,savee,JK,JK_n15.wav,Neutral,401,Neutral,Sad,False,0.8283746,3.0641456e-06,5.468688e-05,0.018922854,0.15262552,1.4101348e-05,0.8283746,5.103221e-06
3961,savee,JK,JK_n16.wav,Neutral,401,Neutral,Sad,False,0.9962202,2.4416542e-05,0.0017403109,0.00184096,0.00016901904,5.1316624e-07,0.9962202,4.6518003e-06
3962,savee,JK,JK_n17.wav,Neutral,363,Neutral,Sad,False,0.97844386,7.707187e-05,5.1155403e-05,0.019687643,0.0017397584,4.13186e-07,0.97844386,1.1589497e-07
3963,savee,JK,JK_n18.wav,Neutral,226,Neutral,Fear,False,0.96204245,0.0011637345,0.0012528003,0.96204245,0.0025667408,0.0022023392,0.014802923,0.015969055
3964,savee,JK,JK_n19.wav,Neutral,344,Neutral,Fear,False,0.6559014,5.5852368e-05,0.0021742063,0.6559014,0.024478465,3.0880415e-08,0.31738514,4.922901e-06
3965,savee,JK,JK_n20.wav,Neutral,333,Neutral,Fear,False,0.86591196,0.0005123374,0.0031921843,0.86591196,0.009697718,5.733406e-07,0.120660834,2.4354482e-05
3966,savee,JK,JK_n21.wav,Neutral,388,Neutral,Sad,False,0.97800386,1.01284895e-05,0.0014672444,0.018192705,0.002324321,3.0556407e-07,0.97800386,1.4367815e-06
3967,savee,JK,JK_n22.wav,Neutral,312,Neutral,Fear,False,0.653123,0.00024101004,0.005859531,0.653123,0.007162533,8.7702254e-05,0.3334258,0.00010048824
3968,savee,JK,JK_n23.wav,Neutral,312,Neutral,Fear,False,0.74736583,4.4403772e-05,0.06466284,0.74736583,0.007970218,9.500525e-07,0.17979367,0.00016209482
3969,savee,JK,JK_n24.wav,Neutral,354,Neutral,Sad,False,0.99630654,3.0940282e-07,0.002155001,0.001530436,1.8491813e-06,1.7801175e-07,0.99630654,5.8203477e-06
3970,savee,JK,JK_n25.wav,Neutral,349,Neutral,Fear,False,0.8445017,0.0005228631,0.057505406,0.8445017,0.0030530756,2.9434284e-06,0.09423595,0.00017809129
3971,savee,JK,JK_n26.wav,Neutral,291,Neutral,Sad,False,0.5797075,0.00014881625,0.0002306635,0.33680403,0.08149838,0.0007343143,0.5797075,0.0008763032
3972,savee,JK,JK_n27.wav,Neutral,401,Neutral,Sad,False,0.987277,1.8626876e-07,4.475324e-05,0.00096091843,0.011715888,7.4036893e-07,0.987277,5.8091837e-07
3973,savee,JK,JK_n28.wav,Neutral,401,Neutral,Sad,False,0.9983004,4.8550945e-08,0.00011327693,0.00080364535,0.0007752876,6.095167e-06,0.9983004,1.3543104e-06
3974,savee,JK,JK_n29.wav,Neutral,302,Neutral,Fear,False,0.7639153,0.0035129646,0.006038789,0.7639153,0.20967834,7.503001e-07,0.016815664,3.8266695e-05
3975,savee,JK,JK_n30.wav,Neutral,401,Neutral,Sad,False,0.9877806,1.67055e-08,0.00010051286,0.01051535,0.0016024387,1.0760818e-07,0.9877806,9.919785e-07
3976,savee,JK,JK_sa01.wav,Sad,401,Sad,Sad,True,0.99829036,1.3218861e-05,0.0010925813,0.00047890865,0.00011999629,1.2645135e-06,0.99829036,3.6061508e-06
3977,savee,JK,JK_sa02.wav,Sad,401,Sad,Sad,True,0.9795926,3.150574e-06,3.9128654e-06,0.010723364,0.009676823,5.4212293e-08,0.9795926,1.5650416e-07
3978,savee,JK,JK_sa03.wav,Sad,241,Sad,Angry,False,0.9703709,0.9703709,0.0033486588,0.011445976,0.001166454,1.7428061e-05,0.013323515,0.0003270835
3979,savee,JK,JK_sa04.wav,Sad,401,Sad,Sad,True,0.9467567,0.0003560309,0.03147711,0.006573987,0.014783421,1.4541812e-06,0.9467567,5.128439e-05
3980,savee,JK,JK_sa05.wav,Sad,401,Sad,Sad,True,0.9561247,2.1788726e-05,0.035376094,0.0044712364,0.0037538433,0.00016196632,0.9561247,9.032847e-05
3981,savee,JK,JK_sa06.wav,Sad,395,Sad,Sad,True,0.96196204,5.9343598e-05,0.004654036,0.031220285,0.0021019238,7.6459166e-08,0.96196204,2.3012226e-06
3982,savee,JK,JK_sa07.wav,Sad,311,Sad,Fear,False,0.88540787,0.0014240977,0.00023391256,0.88540787,0.00519025,9.545875e-06,0.10771086,2.3504594e-05
3983,savee,JK,JK_sa08.wav,Sad,332,Sad,Sad,True,0.79019433,2.2337979e-06,8.501965e-05,0.20832771,0.0013672044,1.9841009e-05,0.79019433,3.683676e-06
3984,savee,JK,JK_sa09.wav,Sad,342,Sad,Fear,False,0.79466504,2.2211414e-06,0.01602916,0.79466504,0.023891501,1.2294711e-07,0.1652778,0.0001341503
3985,savee,JK,JK_sa10.wav,Sad,401,Sad,Sad,True,0.9589929,4.546889e-05,0.0007474611,0.039787184,0.00041126006,3.3383763e-08,0.9589929,1.5720625e-05
3986,savee,JK,JK_sa11.wav,Sad,401,Sad,Sad,True,0.9680548,0.00010591267,0.009696579,0.0023649842,0.019763576,3.7474106e-06,0.9680548,1.0477408e-05
3987,savee,JK,JK_sa12.wav,Sad,401,Sad,Sad,True,0.9331329,0.002423098,0.055068575,0.00013447071,0.008481767,0.0007155498,0.9331329,4.3564214e-05
3988,savee,JK,JK_sa13.wav,Sad,401,Sad,Sad,True,0.92162514,0.00027789263,0.0135534145,0.0051759407,0.059271462,1.7283246e-05,0.92162514,7.890274e-05
3989,savee,JK,JK_sa14.wav,Sad,401,Sad,Sad,True,0.6269325,0.00021352537,0.33636516,0.001297973,0.03517507,4.419347e-06,0.6269325,1.1328265e-05
3990,savee,JK,JK_sa15.wav,Sad,401,Sad,Sad,True,0.9708538,4.0616487e-06,0.026492504,0.0006004606,0.0020487728,5.8955063e-08,0.9708538,2.6791366e-07
3991,savee,JK,JK_su01.wav,Surprise,401,Surprise,Sad,False,0.9063437,0.0002641554,0.0005604,0.092243545,0.00039678364,3.944262e-07,0.9063437,0.00019088117
3992,savee,JK,JK_su02.wav,Surprise,260,Surprise,Sad,False,0.7357242,0.199042,0.05804365,0.004838865,0.0015889057,1.6661581e-05,0.7357242,0.0007456943
3993,savee,JK,JK_su03.wav,Surprise,135,Surprise,Fear,False,0.9991885,3.5746225e-06,2.0892385e-08,0.9991885,0.00045800724,9.748152e-07,1.7973876e-05,0.00033100552
3994,savee,JK,JK_su04.wav,Surprise,390,Surprise,Fear,False,0.9256439,4.05351e-07,0.00014340096,0.9256439,0.00036822725,1.0980325e-08,0.07384315,9.605476e-07
3995,savee,JK,JK_su05.wav,Surprise,266,Surprise,Sad,False,0.6338395,4.788958e-05,0.00026973741,0.30867144,0.002991337,0.00029850152,0.6338395,0.05388153
3996,savee,JK,JK_su06.wav,Surprise,257,Surprise,Fear,False,0.51073664,2.8345978e-06,0.00055156945,0.51073664,0.0020014197,0.0015736395,0.12805203,0.3570819
3997,savee,JK,JK_su07.wav,Surprise,273,Surprise,Sad,False,0.9633019,0.0008096724,0.007109506,0.012020362,0.015114683,0.0012673944,0.9633019,0.00037647554
3998,savee,JK,JK_su08.wav,Surprise,301,Surprise,Sad,False,0.9376978,3.1583259e-06,0.02682036,0.03319871,0.0009486474,4.440517e-06,0.9376978,0.0013268744
3999,savee,JK,JK_su09.wav,Surprise,247,Surprise,Fear,False,0.43556494,0.1211881,0.00057205436,0.43556494,0.19334516,0.0015283586,0.23562081,0.012180617
4000,savee,JK,JK_su10.wav,Surprise,285,Surprise,Happy,False,0.50825745,0.019570908,0.0009609367,0.22944412,0.50825745,1.9363592e-06,0.24165303,0.00011162042
4001,savee,JK,JK_su11.wav,Surprise,250,Surprise,Sad,False,0.64973897,0.00011183652,9.5358264e-05,0.23945448,0.0020103033,0.0059139207,0.64973897,0.10267514
4002,savee,JK,JK_su12.wav,Surprise,369,Surprise,Sad,False,0.68729216,8.1840835e-06,1.38531495e-05,0.28847456,0.024141477,3.303314e-05,0.68729216,3.6741607e-05
4003,savee,JK,JK_su13.wav,Surprise,314,Surprise,Happy,False,0.6713731,0.03719388,0.0001179135,0.13746867,0.6713731,4.1729877e-06,0.15373185,0.0001103669
4004,savee,JK,JK_su14.wav,Surprise,388,Surprise,Sad,False,0.95993674,2.8531048e-07,1.0883535e-06,0.038956806,0.0011039602,9.4746446e-07,0.95993674,1.8661736e-07
4005,savee,JK,JK_su15.wav,Surprise,401,Surprise,Sad,False,0.65243816,8.256561e-05,0.00010958318,0.14829688,0.19905774,3.932497e-07,0.65243816,1.4670152e-05
4006,savee,KL,KL_a01.wav,Angry,394,Angry,Fear,False,0.7716471,0.0062316433,0.004103304,0.7716471,0.0004924133,8.400516e-05,0.21738501,5.6547582e-05
4007,savee,KL,KL_a02.wav,Angry,248,Angry,Sad,False,0.81192386,0.014523248,0.033962086,0.12450766,0.0058831917,0.008441979,0.81192386,0.0007579587
4008,savee,KL,KL_a03.wav,Angry,177,Angry,Fear,False,0.99842036,4.1581545e-05,2.1399803e-06,0.99842036,4.510613e-05,0.001204439,4.821456e-05,0.00023815721
4009,savee,KL,KL_a04.wav,Angry,202,Angry,Fear,False,0.5714833,0.40699404,1.5639733e-05,0.5714833,0.019284656,0.000837434,0.0011133372,0.00027158737
4010,savee,KL,KL_a05.wav,Angry,300,Angry,Fear,False,0.9380924,6.076844e-05,0.00057083485,0.9380924,0.0063884184,1.8918438e-06,0.054516464,0.0003692366
4011,savee,KL,KL_a06.wav,Angry,305,Angry,Disgust,False,0.9939959,0.0014935925,0.9939959,0.00014548098,1.3649376e-06,9.232948e-10,0.0043586357,4.99817e-06
4012,savee,KL,KL_a07.wav,Angry,159,Angry,Fear,False,0.85087216,0.09779837,9.54448e-06,0.85087216,0.020279186,0.018106988,8.726105e-05,0.012846573
4013,savee,KL,KL_a08.wav,Angry,260,Angry,Fear,False,0.5739007,0.33273402,0.004548778,0.5739007,0.011135038,0.013910236,0.06374647,2.470141e-05
4014,savee,KL,KL_a09.wav,Angry,321,Angry,Sad,False,0.9953642,4.9159144e-07,0.004294293,0.00032978735,9.590062e-06,4.4737038e-07,0.9953642,1.1932676e-06
4015,savee,KL,KL_a10.wav,Angry,314,Angry,Angry,True,0.8869303,0.8869303,0.010408315,0.019063646,0.022097094,0.0004208581,0.060564816,0.00051502197
4016,savee,KL,KL_a11.wav,Angry,242,Angry,Sad,False,0.3853887,0.02504789,0.095060945,0.03802427,0.0043204296,0.11237436,0.3853887,0.33978334
4017,savee,KL,KL_a12.wav,Angry,305,Angry,Fear,False,0.95770675,0.0076781623,0.012897023,0.95770675,0.005831981,1.174389e-05,0.014715551,0.0011587794
4018,savee,KL,KL_a13.wav,Angry,401,Angry,Disgust,False,0.6343952,0.000117672316,0.6343952,0.0005561029,0.016277505,1.4587317e-05,0.34850162,0.00013731254
4019,savee,KL,KL_a14.wav,Angry,401,Angry,Sad,False,0.93728983,0.00718177,0.026454067,0.009043839,0.01697669,0.002189343,0.93728983,0.000864442
4020,savee,KL,KL_a15.wav,Angry,401,Angry,Sad,False,0.52711713,1.222639e-05,0.00397611,0.019667294,0.4492233,3.2680407e-07,0.52711713,3.6583976e-06
4021,savee,KL,KL_d01.wav,Disgust,379,Disgust,Sad,False,0.9907341,0.00012795473,0.00059765717,0.008409156,0.00010801618,8.754973e-06,0.9907341,1.4467036e-05
4022,savee,KL,KL_d02.wav,Disgust,281,Disgust,Sad,False,0.70770246,0.014936825,0.004379193,0.10509314,0.16747758,0.00035874822,0.70770246,5.216479e-05
4023,savee,KL,KL_d03.wav,Disgust,185,Disgust,Fear,False,0.98487365,6.180368e-05,6.8946424e-06,0.98487365,0.000132598,0.011505799,0.0015225143,0.0018968723
4024,savee,KL,KL_d04.wav,Disgust,342,Disgust,Fear,False,0.5833055,0.067492925,0.007448025,0.5833055,0.011179877,0.00014267281,0.33032033,0.00011059526
4025,savee,KL,KL_d05.wav,Disgust,292,Disgust,Disgust,True,0.59094083,0.010053119,0.59094083,0.23338506,0.0002675046,3.176751e-05,0.15639722,0.008924532
4026,savee,KL,KL_d06.wav,Disgust,280,Disgust,Sad,False,0.9734273,0.0003700399,0.0026508851,0.013374763,0.008707922,0.0014431854,0.9734273,2.5835203e-05
4027,savee,KL,KL_d07.wav,Disgust,191,Disgust,Fear,False,0.9673409,6.2390136e-05,1.1377739e-06,0.9673409,0.0010404204,0.010962841,0.016506262,0.0040860516
4028,savee,KL,KL_d08.wav,Disgust,321,Disgust,Sad,False,0.7188548,0.1261625,0.12528221,0.016191827,0.013491389,1.3583766e-05,0.7188548,3.6742981e-06
4029,savee,KL,KL_d09.wav,Disgust,387,Disgust,Disgust,True,0.72325313,0.05627828,0.72325313,0.19512077,0.010117998,9.6820525e-09,0.015164859,6.495229e-05
4030,savee,KL,KL_d10.wav,Disgust,344,Disgust,Sad,False,0.8481729,0.0005247782,0.0068116216,0.13915804,0.005301985,2.9478417e-05,0.8481729,1.1694407e-06
4031,savee,KL,KL_d11.wav,Disgust,318,Disgust,Sad,False,0.83971304,0.00033308956,0.0005050675,0.04414235,0.115296036,5.8346636e-06,0.83971304,4.585947e-06
4032,savee,KL,KL_d12.wav,Disgust,232,Disgust,Fear,False,0.8759813,0.06651236,5.6034358e-05,0.8759813,0.022518788,6.7273875e-05,0.007894119,0.02697017
4033,savee,KL,KL_d13.wav,Disgust,401,Disgust,Sad,False,0.88638717,0.017260296,0.081487,0.011046811,0.0036353255,6.306019e-05,0.88638717,0.00012021959
4034,savee,KL,KL_d14.wav,Disgust,401,Disgust,Sad,False,0.99655837,1.1970652e-05,0.00027800858,0.001841901,0.0012838821,2.4640756e-05,0.99655837,1.2552453e-06
4035,savee,KL,KL_d15.wav,Disgust,401,Disgust,Disgust,True,0.53367096,0.07181687,0.53367096,0.0023697906,0.0023307884,6.558369e-05,0.38959414,0.0001519181
4036,savee,KL,KL_f01.wav,Fear,394,Fear,Sad,False,0.5766124,0.029221376,0.17724279,0.07018004,0.14650519,7.0571687e-06,0.5766124,0.00023106555
4037,savee,KL,KL_f02.wav,Fear,268,Fear,Sad,False,0.90360403,9.146495e-05,0.0021422224,0.055073593,0.010716858,0.027749017,0.90360403,0.00062277424
4038,savee,KL,KL_f03.wav,Fear,182,Fear,Fear,True,0.98662066,0.0003289849,7.7184695e-06,0.98662066,0.0008689961,0.0033701127,0.00011148499,0.008691905
4039,savee,KL,KL_f04.wav,Fear,288,Fear,Fear,True,0.45332992,0.020493316,0.10533074,0.45332992,0.008575489,6.620413e-05,0.020759597,0.39144474
4040,savee,KL,KL_f05.wav,Fear,328,Fear,Fear,True,0.8253615,0.0010366045,0.060841225,0.8253615,0.000830601,9.43e-06,0.11043082,0.0014897458
4041,savee,KL,KL_f06.wav,Fear,256,Fear,Angry,False,0.72044855,0.72044855,0.0026801869,0.18962063,0.016946726,0.0042787334,0.057075214,0.008949997
4042,savee,KL,KL_f07.wav,Fear,247,Fear,Fear,True,0.59375006,0.11344187,0.022295289,0.59375006,0.1746792,0.000587951,0.050756935,0.0444887
4043,savee,KL,KL_f08.wav,Fear,394,Fear,Sad,False,0.6058616,0.0094322255,0.23440388,0.14940473,0.0006426974,7.571495e-08,0.6058616,0.0002547787
4044,savee,KL,KL_f09.wav,Fear,336,Fear,Fear,True,0.97237474,5.0468117e-07,0.0001181913,0.97237474,2.1081243e-05,1.30296405e-08,0.027484091,1.3913091e-06
4045,savee,KL,KL_f10.wav,Fear,151,Fear,Happy,False,0.9594258,0.0006190278,4.159098e-06,0.026612364,0.9594258,0.0028595424,0.00036945633,0.010109631
4046,savee,KL,KL_f11.wav,Fear,401,Fear,Fear,True,0.488298,2.747014e-05,0.012560715,0.488298,0.06814698,2.431046e-06,0.4287856,0.002178815
4047,savee,KL,KL_f12.wav,Fear,401,Fear,Sad,False,0.9107095,0.013823351,0.011656591,0.038455218,0.025329739,4.6564082e-06,0.9107095,2.0924672e-05
4048,savee,KL,KL_f13.wav,Fear,253,Fear,Fear,True,0.8570176,3.8592e-06,0.00056712504,0.8570176,0.0024266907,3.527216e-05,0.0009450772,0.13900435
4049,savee,KL,KL_f14.wav,Fear,398,Fear,Sad,False,0.910112,2.3557072e-06,0.07964288,0.010146989,9.5101066e-05,2.9276779e-09,0.910112,6.8818514e-07
4050,savee,KL,KL_f15.wav,Fear,401,Fear,Sad,False,0.9647016,0.00034206937,0.033525947,0.0008514537,0.00043752592,1.0654749e-05,0.9647016,0.00013073676
4051,savee,KL,KL_h01.wav,Happy,361,Happy,Sad,False,0.9725131,0.00091744226,0.002328956,0.023980562,5.133138e-05,0.00014405222,0.9725131,6.452369e-05
4052,savee,KL,KL_h02.wav,Happy,231,Happy,Sad,False,0.629132,0.02817101,0.004194775,0.16937986,0.10317441,0.061432637,0.629132,0.0045153657
4053,savee,KL,KL_h03.wav,Happy,164,Happy,Fear,False,0.8985649,0.087983765,1.931598e-05,0.8985649,0.0028425052,0.00878567,0.0005167329,0.0012872119
4054,savee,KL,KL_h04.wav,Happy,266,Happy,Sad,False,0.71159303,0.0018008618,0.0068754093,0.24768412,0.026777992,0.0022936834,0.71159303,0.0029749337
4055,savee,KL,KL_h05.wav,Happy,333,Happy,Sad,False,0.76838064,0.0016267082,0.06497523,0.16242605,0.0020962448,0.00011824063,0.76838064,0.00037695345
4056,savee,KL,KL_h06.wav,Happy,309,Happy,Fear,False,0.44363728,0.012763181,0.34001368,0.44363728,0.024861304,4.84005e-06,0.17854974,0.00017001845
4057,savee,KL,KL_h07.wav,Happy,292,Happy,Fear,False,0.7927252,0.00077393313,0.043891545,0.7927252,0.002709427,5.9713584e-05,0.15850301,0.0013372467
4058,savee,KL,KL_h08.wav,Happy,129,Happy,Surprise,False,0.946698,0.03784425,0.00021820606,0.006361263,0.0073717064,0.0010602656,0.00044624036,0.946698
4059,savee,KL,KL_h09.wav,Happy,237,Happy,Sad,False,0.993739,0.00075690827,0.001680116,0.0001549643,0.0031821532,0.00048581307,0.993739,1.1144226e-06
4060,savee,KL,KL_h10.wav,Happy,269,Happy,Fear,False,0.8909958,0.00031218753,0.016312242,0.8909958,0.00070780254,0.00024008892,0.081185415,0.010246423
4061,savee,KL,KL_h11.wav,Happy,401,Happy,Sad,False,0.75758976,0.015307375,0.2143023,0.00720761,0.0051529137,2.5460236e-05,0.75758976,0.0004145882
4062,savee,KL,KL_h12.wav,Happy,401,Happy,Sad,False,0.98285025,0.0014265474,0.0010232406,0.012133166,0.0008871943,0.0016059054,0.98285025,7.386087e-05
4063,savee,KL,KL_h13.wav,Happy,232,Happy,Fear,False,0.79157966,0.038653344,7.3055984e-05,0.79157966,0.024130099,0.027812636,0.11533084,0.0024203688
4064,savee,KL,KL_h14.wav,Happy,401,Happy,Sad,False,0.92632896,0.0011281627,0.03603441,0.03362162,0.0025374708,0.0003270756,0.92632896,2.2309712e-05
4065,savee,KL,KL_h15.wav,Happy,401,Happy,Sad,False,0.98479605,5.388753e-07,0.0004365024,0.0029581236,0.011799134,1.7537443e-06,0.98479605,7.9200445e-06
4066,savee,KL,KL_n01.wav,Neutral,359,Neutral,Sad,False,0.9729399,9.771596e-05,0.026713306,0.0001871774,1.565082e-06,2.6097716e-05,0.9729399,3.416148e-05
4067,savee,KL,KL_n02.wav,Neutral,253,Neutral,Sad,False,0.48479334,0.03198056,0.003070394,0.2565992,0.21945125,0.0033025572,0.48479334,0.000802681
4068,savee,KL,KL_n03.wav,Neutral,166,Neutral,Fear,False,0.9999707,1.4294849e-06,1.2268865e-09,0.9999707,1.1871795e-06,2.0216012e-06,1.7109232e-06,2.2996404e-05
4069,savee,KL,KL_n04.wav,Neutral,303,Neutral,Sad,False,0.8359747,0.0058231507,0.05151645,0.08082613,0.025756536,1.9461968e-05,0.8359747,8.357977e-05
4070,savee,KL,KL_n05.wav,Neutral,261,Neutral,Disgust,False,0.6287661,0.24701934,0.6287661,0.0007099411,0.0013771894,0.0008073851,0.118825994,0.0024940926
4071,savee,KL,KL_n06.wav,Neutral,330,Neutral,Sad,False,0.90703636,0.0020591759,0.008307581,0.029697625,0.05255018,0.00030662058,0.90703636,4.2384014e-05
4072,savee,KL,KL_n07.wav,Neutral,382,Neutral,Disgust,False,0.9421042,0.00030336293,0.9421042,0.01216939,0.0031485322,2.3809673e-07,0.02428968,0.017984608
4073,savee,KL,KL_n08.wav,Neutral,324,Neutral,Fear,False,0.4848599,0.12965992,0.0865895,0.4848599,0.09272221,5.4205542e-05,0.205854,0.00026028798
4074,savee,KL,KL_n09.wav,Neutral,336,Neutral,Sad,False,0.58642894,0.00021020883,0.00021866118,0.4128826,0.00025505762,2.8992968e-06,0.58642894,1.6828882e-06
4075,savee,KL,KL_n10.wav,Neutral,345,Neutral,Sad,False,0.5511576,0.0007627181,0.006868147,0.44094107,0.00017858017,1.1527555e-05,0.5511576,8.038299e-05
4076,savee,KL,KL_n11.wav,Neutral,401,Neutral,Sad,False,0.77067447,0.0015088469,0.0011808231,0.2257096,0.0008536199,5.41744e-05,0.77067447,1.8420278e-05
4077,savee,KL,KL_n12.wav,Neutral,260,Neutral,Sad,False,0.74404424,0.0021895668,0.016566776,0.12599427,0.0957467,0.013799217,0.74404424,0.0016592335
4078,savee,KL,KL_n13.wav,Neutral,244,Neutral,Sad,False,0.60342187,0.0023187743,0.008251332,0.31214774,0.045928884,0.0234354,0.60342187,0.0044958973
4079,savee,KL,KL_n14.wav,Neutral,401,Neutral,Sad,False,0.9220131,0.00023945665,0.06746801,0.00092721684,0.009313796,3.3083327e-06,0.9220131,3.507679e-05
4080,savee,KL,KL_n15.wav,Neutral,401,Neutral,Sad,False,0.99034274,2.1844817e-05,0.0057192254,0.00014725077,0.003764707,2.7980834e-06,0.99034274,1.4670483e-06
4081,savee,KL,KL_n16.wav,Neutral,383,Neutral,Sad,False,0.9721638,0.0045837057,0.016360978,0.005075275,0.0010160248,0.0007062326,0.9721638,9.399029e-05
4082,savee,KL,KL_n17.wav,Neutral,261,Neutral,Angry,False,0.78168225,0.78168225,0.02971619,0.003351422,0.015238803,0.0037396443,0.16551207,0.00075962447
4083,savee,KL,KL_n18.wav,Neutral,186,Neutral,Fear,False,0.9994836,1.759935e-05,1.4491566e-07,0.9994836,7.869936e-07,0.00021682664,1.0665528e-05,0.00027032365
4084,savee,KL,KL_n19.wav,Neutral,282,Neutral,Fear,False,0.65308094,0.013699696,0.000484954,0.65308094,0.027980147,0.00064750126,0.30397376,0.0001329523
4085,savee,KL,KL_n20.wav,Neutral,282,Neutral,Fear,False,0.64305955,0.002695406,0.051363237,0.64305955,0.15227458,0.0019867297,0.085789956,0.06283051
4086,savee,KL,KL_n21.wav,Neutral,330,Neutral,Sad,False,0.9438028,0.011193397,0.00092265994,0.04200948,0.0020558601,1.4375723e-05,0.9438028,1.3061917e-06
4087,savee,KL,KL_n22.wav,Neutral,247,Neutral,Fear,False,0.95419836,0.0018774144,0.0022198104,0.95419836,9.917116e-05,0.00030780814,0.0320691,0.009228257
4088,savee,KL,KL_n23.wav,Neutral,264,Neutral,Sad,False,0.5265767,0.00058034295,0.0009942625,0.45505157,0.0009216399,0.00837372,0.5265767,0.007501818
4089,savee,KL,KL_n24.wav,Neutral,302,Neutral,Sad,False,0.5227185,0.0023878517,0.4139639,0.059978627,0.00017769162,0.00039184335,0.5227185,0.00038163492
4090,savee,KL,KL_n25.wav,Neutral,316,Neutral,Sad,False,0.5754516,7.226885e-05,0.07809597,0.34383363,0.00252383,5.734615e-06,0.5754516,1.6965569e-05
4091,savee,KL,KL_n26.wav,Neutral,244,Neutral,Sad,False,0.82252026,0.000825686,7.923493e-05,0.12807304,0.039671022,0.0078064897,0.82252026,0.0010242411
4092,savee,KL,KL_n27.wav,Neutral,401,Neutral,Sad,False,0.9945156,8.126864e-06,0.0051587704,0.00031011834,5.170534e-06,2.7518345e-07,0.9945156,1.8799493e-06
4093,savee,KL,KL_n28.wav,Neutral,386,Neutral,Sad,False,0.92248815,0.0028071075,0.06134547,0.01326458,1.4123626e-05,6.374446e-05,0.92248815,1.6813203e-05
4094,savee,KL,KL_n29.wav,Neutral,278,Neutral,Angry,False,0.4839558,0.4839558,0.05896782,0.12222292,0.09561241,0.02613603,0.19266388,0.020441117
4095,savee,KL,KL_n30.wav,Neutral,356,Neutral,Sad,False,0.9740587,0.00046250597,0.023742061,0.0016153393,0.00012000463,1.1227212e-06,0.9740587,1.8743167e-07
4096,savee,KL,KL_sa01.wav,Sad,379,Sad,Sad,True,0.9910579,0.00010032795,0.004729614,0.0039247274,0.00016316687,2.287455e-05,0.9910579,1.4066023e-06
4097,savee,KL,KL_sa02.wav,Sad,271,Sad,Sad,True,0.64847606,0.08284304,3.5390294e-05,0.24115254,0.014912293,0.012304247,0.64847606,0.00027640443
4098,savee,KL,KL_sa03.wav,Sad,177,Sad,Fear,False,0.88772625,0.000280777,1.989424e-06,0.88772625,0.09096492,0.019775419,0.00014539358,0.0011053147
4099,savee,KL,KL_sa04.wav,Sad,401,Sad,Sad,True,0.9445637,6.321248e-05,0.053912185,0.00077573117,0.0006803275,2.4642645e-07,0.9445637,4.6484183e-06
4100,savee,KL,KL_sa05.wav,Sad,401,Sad,Sad,True,0.95168054,4.2395345e-06,0.047777418,0.00053342455,2.607807e-06,5.104058e-07,0.95168054,1.3697063e-06
4101,savee,KL,KL_sa06.wav,Sad,350,Sad,Sad,True,0.5430608,0.011206946,0.01740588,0.4256277,0.00051565806,1.0634667e-05,0.5430608,0.0021723579
4102,savee,KL,KL_sa07.wav,Sad,222,Sad,Fear,False,0.37679318,0.0053688823,0.00368287,0.37679318,0.11871794,0.19535592,0.2085171,0.09156413
4103,savee,KL,KL_sa08.wav,Sad,271,Sad,Fear,False,0.9093253,0.004155844,0.0009886709,0.9093253,0.001959254,0.0039526005,0.07707734,0.0025409446
4104,savee,KL,KL_sa09.wav,Sad,259,Sad,Fear,False,0.512397,0.25676605,0.061496727,0.512397,0.023168262,0.0060505816,0.11157255,0.028548835
4105,savee,KL,KL_sa10.wav,Sad,401,Sad,Sad,True,0.91501576,0.021761553,0.007859357,0.008205207,0.046638593,0.0005107481,0.91501576,8.847428e-06
4106,savee,KL,KL_sa11.wav,Sad,401,Sad,Sad,True,0.9666704,0.008220483,0.0034759997,0.019183474,0.0024465367,4.408337e-07,0.9666704,2.690047e-06
4107,savee,KL,KL_sa12.wav,Sad,401,Sad,Sad,True,0.99078697,1.2133389e-06,0.00028086794,0.0016770288,0.0071814163,7.111518e-05,0.99078697,1.4756529e-06
4108,savee,KL,KL_sa13.wav,Sad,401,Sad,Sad,True,0.95094484,0.00019117429,0.0034610063,0.038384233,0.006936868,3.3791224e-05,0.95094484,4.806325e-05
4109,savee,KL,KL_sa14.wav,Sad,401,Sad,Sad,True,0.9710652,0.0036983965,0.011342583,0.011463297,0.0006963521,0.00043846876,0.9710652,0.0012956688
4110,savee,KL,KL_sa15.wav,Sad,401,Sad,Sad,True,0.7041249,8.370311e-06,0.295406,0.00042900603,9.577901e-06,8.61746e-06,0.7041249,1.3431565e-05
4111,savee,KL,KL_su01.wav,Surprise,353,Surprise,Sad,False,0.9259461,0.011486303,0.044963993,0.010897863,0.00014257059,0.0006750105,0.9259461,0.0058882227
4112,savee,KL,KL_su02.wav,Surprise,269,Surprise,Happy,False,0.8578324,0.019691838,0.0013588938,0.090886824,0.8578324,0.00027806332,0.011099731,0.018852226
4113,savee,KL,KL_su03.wav,Surprise,171,Surprise,Fear,False,0.94589293,0.004683621,6.7723186e-06,0.94589293,0.017124755,0.02517164,0.0018840168,0.0052362136
4114,savee,KL,KL_su04.wav,Surprise,287,Surprise,Sad,False,0.30363294,0.1282392,0.15951523,0.15022734,0.24938224,0.0033289755,0.30363294,0.0056740595
4115,savee,KL,KL_su05.wav,Surprise,238,Surprise,Sad,False,0.4978071,0.00089223246,0.0006499377,0.48840588,0.002492363,0.0061197896,0.4978071,0.0036327583
4116,savee,KL,KL_su06.wav,Surprise,243,Surprise,Fear,False,0.9904695,2.5768937e-05,1.6145675e-08,0.9904695,0.00015508766,1.6080146e-05,0.009076693,0.00025694547
4117,savee,KL,KL_su07.wav,Surprise,285,Surprise,Fear,False,0.52961874,0.024978507,0.008358735,0.52961874,0.09251112,0.0005845119,0.34331656,0.0006318002
4118,savee,KL,KL_su08.wav,Surprise,350,Surprise,Sad,False,0.98215365,2.1760654e-05,0.00064217724,0.014975883,0.002178388,2.9549096e-06,0.98215365,2.5197101e-05
4119,savee,KL,KL_su09.wav,Surprise,271,Surprise,Fear,False,0.69468576,0.001677373,0.00045751157,0.69468576,0.02926806,0.0015086908,0.27101195,0.0013905716
4120,savee,KL,KL_su10.wav,Surprise,279,Surprise,Sad,False,0.72513026,0.014842844,0.027204666,0.1840825,0.048274305,0.00024296477,0.72513026,0.00022245258
4121,savee,KL,KL_su11.wav,Surprise,202,Surprise,Fear,False,0.9937742,1.4234273e-06,4.3235738e-07,0.9937742,0.0014409269,0.00014236786,0.003656705,0.0009838598
4122,savee,KL,KL_su12.wav,Surprise,391,Surprise,Sad,False,0.97052145,3.8934842e-05,0.0014544395,0.025652573,0.002280372,2.9283527e-05,0.97052145,2.2882308e-05
4123,savee,KL,KL_su13.wav,Surprise,354,Surprise,Sad,False,0.9890192,0.00022058352,0.010107929,0.00064540474,3.7540847e-06,1.6634693e-06,0.9890192,1.4497849e-06
4124,savee,KL,KL_su14.wav,Surprise,401,Surprise,Sad,False,0.99255353,8.812757e-06,0.0006289742,0.00071317574,0.005659233,0.00039403507,0.99255353,4.226474e-05
4125,savee,KL,KL_su15.wav,Surprise,401,Surprise,Sad,False,0.69470316,0.059370544,0.089613505,0.10079741,0.018981865,3.2514992e-05,0.69470316,0.036500968
